0,0.70711,0,0.70711
6.4239548493826e-05,0.707105588053564,-5.32351310784616e-05,0.707114406997004
0.000127759182556475,0.707101193736351,-0.0001069202157082,0.707118786529028
0.000190901749058123,0.707096914543976,-0.000161153768774381,0.707123041081518
0.000253990376618084,0.707092859894795,-0.000215603218988621,0.707127061206075
0.000317035382402022,0.707088876715909,-0.000270009036904176,0.707131000033459
0.000379471800035946,0.707085070510625,-0.000324002481233022,0.707134752564552
0.000440583019093758,0.707081554711012,-0.000377455897180525,0.707138206152876
0.000500614442241979,0.707078182150125,-0.00043051655192628,0.707141508163644
0.000559811464813042,0.707074952910169,-0.000483233566282404,0.707144658654455
0.00061817410634734,0.707071818027374,-0.000535803276816786,0.707147706725467
0.000675898482820415,0.707068482945992,-0.000588225930464255,0.707150946952593
0.000733426206275277,0.707064800102256,-0.000640452576462419,0.707154526650897
0.000791444509392097,0.70706081795134,-0.000692581338375292,0.707158396587823
0.000850100945065572,0.707056830800637,-0.000745053651768641,0.707162261748743
0.000909346591107885,0.707052936740149,-0.000798409352819246,0.707166023277712
0.000968984845378923,0.707048939553616,-0.000852648632793737,0.70716987728182
0.00102916285390537,0.707044740708573,-0.000907624406194976,0.707173921944315
0.00109076389015486,0.707040093205226,-0.000963435082927897,0.707178402404459
0.00115413124859596,0.707034996926361,-0.00102022816594488,0.707183317419812
0.00121951118116481,0.707029744704644,-0.00107824825301453,0.707188372695755
0.0012871981941299,0.707024434180172,-0.00113778977154284,0.707193468739249
0.00135684878352493,0.707019114498465,-0.00119870545480348,0.707198556277102
0.00171050064817031,0.706992167792639,-0.00150622849854317,0.707224140102066
0.00178142728808097,0.706986759228726,-0.00156753667566231,0.707229238522313
0.00185191154967251,0.706981149002508,-0.00162791281925639,0.707234529331365
0.00192146204542352,0.706975142084549,-0.00168696485367684,0.707240210117978
0.00199027582311733,0.706969032826036,-0.00174488831218061,0.707245986197125
0.00205879488967381,0.706962869450919,-0.00180251748123138,0.707251806439584
0.00212682350596799,0.706956849027174,-0.00186034260686424,0.707257473315573
0.00219406817303504,0.706951365258911,-0.00191816626180156,0.707262594841269
0.00226023403585339,0.706946271851832,-0.00197608709926464,0.707267318159601
0.00232512362488012,0.706941176790739,-0.00203381188888462,0.707272036890371
0.00238888393200891,0.706935981680287,-0.00209138998366511,0.707276849138458
0.00245171216463967,0.706930931688981,-0.00214931138825288,0.707281508021641
0.00251341226949925,0.706926174820279,-0.00220737924775375,0.707285867093064
0.00257398392635512,0.706921563964713,-0.00226549598656935,0.707290073969913
0.0026039751813128,0.706919233129304,-0.00229460358364093,0.707292199970794
0.00266356576842601,0.706914814582465,-0.00235271978668739,0.707296203334106
0.00272266683428295,0.706910834655744,-0.00241044176160662,0.707299761700895
0.00278122839758814,0.706907048123578,-0.00246732869791197,0.707303122127215
0.00283949520004941,0.706903257834573,-0.00252343035737578,0.707306480833526
0.00289751644124726,0.706899463762094,-0.00257909030059198,0.707309836651914
0.00295499884270155,0.706896010802114,-0.00263420903662844,0.707312846650369
0.00298931263687859,0.706894261522342,-0.00266680776099441,0.707314328550686
0.00304082859795663,0.706891987819875,-0.00271495333850989,0.707316198136218
0.00309851129722953,0.706889750057129,-0.00276800523732983,0.707317978591607
0.00315717671212559,0.706887798349092,-0.00282066284154974,0.707319461658957
0.00321667772628617,0.706886182236441,-0.00287268055844174,0.707320599342337
0.00327662035916698,0.706884559724552,-0.00292445272551126,0.707321733554332
0.00333715120583879,0.706882733797924,-0.00297622557124663,0.707323059401821
0.00339846703273801,0.70688080169775,-0.0030281949439752,0.707324477766996
0.00346027336852139,0.70687876467036,-0.0030805572880623,0.70732598774053
0.00352266915162733,0.706876818426668,-0.00313291895574479,0.707327394769817
0.00358599727194809,0.706874813957041,-0.00318523146769821,0.707328846094419
0.00364971716275961,0.706872606416108,-0.00323754483038013,0.707330488786254
0.00371338718323634,0.706870246930106,-0.00328961351473137,0.707332275103803
0.00377695703624811,0.706867490233483,-0.00334119345129882,0.70733445163719
0.00384037658373366,0.706864091206468,-0.00339272779667631,0.707337261614746
0.00390394123694629,0.706860195880669,-0.00344500092920905,0.707340553687514
0.00396784789432459,0.706855901418819,-0.00349830688633396,0.707344227983382
0.00403199806993649,0.706851159107578,-0.00355254777469439,0.707348333895081
0.0040962454857594,0.706846166017041,-0.00360767356308253,0.70735267529811
0.00416034508772399,0.706841021518265,-0.00366343829993939,0.707357155366079
0.00422390326628029,0.706835580352722,-0.003719450369846,0.70736192354238
0.00428667485108255,0.706829893117976,-0.00377566047410145,0.707366931091309
0.00434895410644285,0.70682390902835,-0.00383206890189169,0.707372227099703
0.00441108380729073,0.706817478977133,-0.00388892184736369,0.707377957133894
0.00447316303201472,0.706810749697177,-0.00394631654303191,0.707383973320535
0.00453519272681547,0.706803917507661,-0.00400405543830223,0.70739008048092
0.00459736990915314,0.706797128415015,-0.00406184298624395,0.707396133072385
0.00466052909055346,0.706790377254141,-0.0041197279458026,0.707402130425969
0.00472501416096091,0.706783710865642,-0.00417785706873066,0.707408022294409
0.00479077565592796,0.706777031197546,-0.00423657461846188,0.707413904497007
0.00485805808492333,0.706770189053703,-0.00429583237070117,0.707419924204062
0.0049270086176078,0.706763183116828,-0.0043554830035401,0.707426082035754
0.0049976276761477,0.706756062241312,-0.00441582066705634,0.707432326749777
0.00506937554971089,0.706748878721477,-0.00447669801938202,0.707438610221633
0.00514230166073017,0.706741681042557,-0.00453806557901769,0.707444883486744
0.0052171932623092,0.706734709349679,-0.004600608390487,0.707450895891246
0.00529498597114873,0.706728056709287,-0.00466898811774322,0.707456515789796
0.00538040131145827,0.706722770479026,-0.00474751352051226,0.70746062949365
0.0056057321171973,0.706733049958762,-0.00494526006342971,0.707447256314082
0.00618904360920207,0.706768557023097,-0.00546861805365805,0.707403068242765
0.00736056481015923,0.706836884094093,-0.00653731996559606,0.707314505024108
0.00921542056054434,0.706940158054363,-0.00826183148133084,0.707171503451985
0.0117356357775584,0.707066515319468,-0.0106325124902814,0.706976146446984
0.0149021050326525,0.707199653559891,-0.0136084493883809,0.706732263007436
0.0186495567084778,0.707304948900798,-0.0171196139381386,0.70646155331598
0.0229457875109425,0.707359016176693,-0.021094954930328,0.706173364086704
0.0277571185150425,0.70736165013852,-0.0254616430705753,0.705853984346054
0.0330466788881596,0.707300902926545,-0.0301839026746751,0.705500805069055
0.0388161834242364,0.707157591297827,-0.035260519664118,0.705115057935405
0.04491503292011,0.706916921723549,-0.040600554695759,0.704706892798051
0.0511130228261425,0.706578403761949,-0.0460104662091934,0.704291530145013
0.057145159205284,0.706161451235565,-0.0512072933290377,0.703887315469031
0.0628032068641436,0.705695292909647,-0.0559766906766771,0.703509506029331
0.0679885833215347,0.705207947674356,-0.0602286320828829,0.703164930263362
0.0726336294950639,0.704718439516911,-0.0639311734046115,0.702864272913579
0.0767698362931634,0.704247452753773,-0.0671198962625165,0.702599417343234
0.0803758069000857,0.70381330438206,-0.0698405391914977,0.702365976913323
0.0834132617944802,0.703421365480264,-0.0721270217895647,0.702173345599542
0.0858850746538004,0.703081406513387,-0.0739737951272745,0.702023697321776
0.0877651643895274,0.702812129784484,-0.0753591188851709,0.701913451608051
0.0890276775657185,0.702626695805406,-0.0762196027853417,0.701847188011803
0.0896856301205338,0.702529868648334,-0.0765379097738616,0.701825707689797
0.0898112969719121,0.702510835626327,-0.0763965354092454,0.701844092616933
0.0895310761153485,0.702543158150915,-0.0759098361054647,0.70190034786101
0.0889291766210155,0.702609773378331,-0.0751623791373034,0.70199061878431
0.0880195600496452,0.702700933397647,-0.0741817916535157,0.702118310000399
0.0867947746676127,0.702819433964518,-0.0729528821374851,0.702280920657842
0.0853297872667886,0.702963831859911,-0.0715271349976247,0.702462562462134
0.0837183234441062,0.703134432829108,-0.0699773881932267,0.702641787137266
0.0820180939781718,0.703354545080365,-0.0683064748265504,0.702786415542981
0.0803011144195041,0.703650106134288,-0.0665318140965722,0.702859076254415
0.0786554065789958,0.704040166802194,-0.0647057081917507,0.702825046560263
0.0771196563202094,0.70454093229555,-0.0628378695349863,0.702662891920068
0.0756937872091396,0.705170726150827,-0.0609166235557594,0.702355299497639
0.0743888091000309,0.705946204641385,-0.0589368761884062,0.70188447059203
0.0732631102176912,0.706884330327336,-0.0569213315378022,0.701224733188204
0.0724283026350018,0.708015376231531,-0.0549280246850278,0.700328768723188
0.071974486065943,0.709373957427969,-0.0530237870515708,0.699146511172898
0.0719245653895415,0.710987223793503,-0.0512022367498364,0.697647088181228
0.0721802195378964,0.712299743937047,-0.0499729263025221,0.696369802282839
0.0729684312488037,0.714423882210197,-0.0483293655742495,0.694224388214638
0.0741555556328141,0.716776136211615,-0.0468111927066655,0.69177361944766
0.0757253750974088,0.719333746795864,-0.0454270416869484,0.689035642307822
0.077665261824143,0.722080815928624,-0.0441883293531682,0.686020333607259
0.0799615276832707,0.724998134506217,-0.0431041799447498,0.682740794829453
0.0826203988578808,0.728069475250006,-0.0421976581594231,0.679203335347822
0.0856505894224078,0.731277705626674,-0.0414976608832313,0.675413904303279
0.0890373560329139,0.734598319709743,-0.0410309904996045,0.671389022794468
0.0927461408269117,0.737999557924381,-0.0408150126601252,0.667156686848513
0.0967471802347207,0.74144819201266,-0.0408611352706136,0.662747337604749
0.101015936446596,0.744914924606536,-0.0411815488308381,0.658187450441094
0.105517123739891,0.748372384917141,-0.0417766951118915,0.653504951807266
0.110216388570659,0.751797361932178,-0.0426453572416056,0.648724557873364
0.115082485041255,0.755166334903501,-0.0437872800656385,0.643872352698562
0.120087328729954,0.758454584895336,-0.0451978959034012,0.638977253535407
0.125208794203052,0.761636554923491,-0.0468760064738921,0.634069602075001
0.130421720164686,0.764683819754087,-0.0488159657271092,0.629185931506507
0.13571486374529,0.76756009230374,-0.0510220615494494,0.624370750353117
0.141091947007522,0.770229623864709,-0.0534963473919823,0.619666550675902
0.146558453085365,0.772664935310367,-0.0562342569575852,0.615106763184634
0.152123024576355,0.774840891282348,-0.0592391211071988,0.610720893142654
0.157798528195584,0.776734066406178,-0.0625253788152245,0.606534002169243
0.163611471264716,0.778319325787807,-0.0661347248129097,0.602565860259047
0.169594142686623,0.779567588746737,-0.0701126299336652,0.598836809711767
0.175769903797099,0.780450438251905,-0.0744894520192936,0.595367516824212
0.182162312995014,0.780943024450288,-0.0792967491078562,0.592170595409517
0.188797524536658,0.781024930461495,-0.0845623466690854,0.589248560840208
0.195700288311369,0.780673316430775,-0.0903096187744049,0.586603654203275
0.202886735248323,0.779874161478106,-0.0965422391120802,0.584227665543419
0.210356939559742,0.778625294773174,-0.103235504714985,0.582103206557631
0.218107805578303,0.77692264477707,-0.110356734117671,0.580216067179534
0.226124439129268,0.774767163915269,-0.117867636574704,0.578549828619318
0.234390543674911,0.772161095986537,-0.125743650732692,0.577084008945879
0.242899630914323,0.769108108354412,-0.133971722361936,0.575789170419642
0.251645593812383,0.765616635181701,-0.142538236580432,0.574628243615281
0.260627551544892,0.761697448067585,-0.151436463056673,0.573555907335898
0.269839551154718,0.757364057847571,-0.160660851864324,0.572523794607253
0.279271965839067,0.75263151612909,-0.170211992138385,0.571480491318705
0.288912007152991,0.747524871637127,-0.18008149524144,0.570364951306011
0.298731492936356,0.74207543139203,-0.190247712327442,0.569120779278438
0.308712400934097,0.736305172858229,-0.200715047628512,0.567691747154364
0.318847102913957,0.730231640928158,-0.211503459006955,0.566015606303227
0.329126610628623,0.723871109369742,-0.222630924562617,0.564030909458245
0.3395367012901,0.717245206659756,-0.234089791803231,0.56168070607252
0.350052621587568,0.710379913528734,-0.245845508952281,0.558920951926539
0.360644764453001,0.703302868341803,-0.257861016275976,0.555713262159456
0.37127764725268,0.696045525497389,-0.270100508570545,0.552022059844955
0.381920249850451,0.688639886242417,-0.282536287541494,0.547808707718692
0.392542818106327,0.681114578259299,-0.295136947235063,0.543043602128339
0.403115181905748,0.673490484129326,-0.30786685583412,0.537713512182002
0.413614197314288,0.665783230792444,-0.320700560260531,0.531804701205395
0.424016339359945,0.658004600705114,-0.333615854148069,0.525309104687606
0.4343000019943,0.650160885975867,-0.346590691508456,0.518226135364149
0.444451671890755,0.642250488878636,-0.359604828540108,0.51055899990035
0.454462904690222,0.634263618517821,-0.372639600775177,0.502316596002222
0.464324229941521,0.6261871745806,-0.385675011211139,0.493514459572567
0.474026604318052,0.618001598644201,-0.398692497052608,0.484175793969296
0.48356896739233,0.609676460661606,-0.411675256067248,0.474329268369714
0.492951319914575,0.601174268837171,-0.42460381084804,0.464014226824803
0.502168883002125,0.592460868099411,-0.437454932043053,0.453275654923603
0.511220690610603,0.583505998894752,-0.450206916752641,0.442150416774042
0.520108985652485,0.574277832305306,-0.462839424059331,0.430674338802078
0.52883923578451,0.56474300538444,-0.475330158543869,0.418885121653639
0.537417970986607,0.55486941017772,-0.487659612386124,0.406815767586502
0.54584837262679,0.544630143878934,-0.4998062937953,0.394500105654753
0.554132709671392,0.533999076917752,-0.511748112647021,0.381974998298734
0.562273922796317,0.522951958682279,-0.523466300179601,0.369271473891215
0.570272133512264,0.511470722794289,-0.53494261662124,0.356416742853049
0.57812532035878,0.499540577012764,-0.546160498096121,0.343435787880512
0.585831322169052,0.487151508545536,-0.557105202888467,0.330345223670577
0.593387702319916,0.474295453929572,-0.56776822704112,0.317148548285667
0.600787284010002,0.46096905737165,-0.578143953055806,0.303843448609107
0.608016696904277,0.447177319624686,-0.588225082554085,0.290428128033461
0.615058757393385,0.432928476937062,-0.598006881076339,0.27689805560151
0.621893604675362,0.418234266747439,-0.607485123103711,0.263247738812072
0.628502398281709,0.40310554308068,-0.616656703960182,0.249467974202326
0.63486571745306,0.387555028009098,-0.625518696687202,0.235546355018073
0.640958037137115,0.371600549194546,-0.634070946207559,0.221470011159465
0.646751534831984,0.355254956304225,-0.642321756542584,0.207215427721195
0.652214117381395,0.338536765837811,-0.650279292882813,0.192757746179444
0.65730896281358,0.32147512071123,-0.657946095418613,0.178086254079027
0.662002073405039,0.304095990546591,-0.665322866676766,0.163197642807084
0.666265658368828,0.286421144683332,-0.672407085039432,0.148090568724934
0.670076470947173,0.268465618283893,-0.679195243595174,0.132765432850475
0.673408812949558,0.250246823174893,-0.685685833640139,0.117222608219642
0.676236512545127,0.231785631182517,-0.691876859385869,0.101464850683948
0.678537877091268,0.21310321818414,-0.697762388479876,0.0854992466325857
0.680294768509645,0.194224735138813,-0.70333388615581,0.069327692760341
0.681492149983257,0.175171829830331,-0.708582252127581,0.0529488027695865
0.682124982568648,0.155967102976019,-0.713488616479353,0.036371270244555
0.682198034420433,0.13662857372847,-0.718027367924951,0.0196030044743258
0.681717463660773,0.117165027060757,-0.722174309697452,0.00265080867147895
0.680692390828489,0.0975832248625551,-0.725902937435718,-0.0144711062342332
0.679130366767644,0.077889581941544,-0.729188713873554,-0.0317503026484775
0.677039057070137,0.0580967543173672,-0.73200710891443,-0.0491688828215785
0.674434844319341,0.0382180488939754,-0.734327966319722,-0.0666975530827557
0.671336989201386,0.0182617860779337,-0.736121169182857,-0.08430825926299
0.667762981052223,-0.00177049708324684,-0.737359117464059,-0.101980893155311
0.663728910704448,-0.0218829966830648,-0.738016218225829,-0.119692244471818
0.659250404865629,-0.0420803843477042,-0.738068759993164,-0.137410897164685
0.654338323118613,-0.0623607445306335,-0.737498973094076,-0.155102757309095
0.648998478059093,-0.0827132725292697,-0.736297583489856,-0.172726554910556
0.64323508072266,-0.103130065345252,-0.734457297330828,-0.19024826713239
0.637044912983643,-0.123603448470344,-0.731976229726247,-0.207643612190293
0.630423637299365,-0.144121669806162,-0.728856638598577,-0.224882383474316
0.623368355030241,-0.164673162003661,-0.725098542486514,-0.24194183504784
0.615874402871848,-0.185240542787172,-0.720701537618639,-0.258810855779002
0.607933912326441,-0.205802644260365,-0.715669090271331,-0.275478651239772
0.599529086306982,-0.226335211710844,-0.710012530146389,-0.291939305073179
0.590642553633319,-0.246808557788913,-0.703744008239663,-0.308188878297391
0.581261851789164,-0.267188232830108,-0.696874869333625,-0.324221573284006
0.571374417935712,-0.287437812289267,-0.689418667855642,-0.34003203261883
0.560963675119658,-0.307530194067577,-0.681386883722885,-0.355620519406806
0.550016555772801,-0.32743716289928,-0.672792606935252,-0.370979655751238
0.53853426561774,-0.347128598440417,-0.663643962542525,-0.386093740017813
0.52652525465091,-0.366576458797078,-0.653941668446488,-0.400951686041776
0.513997009912135,-0.385752709612073,-0.643690203191471,-0.415540548374497
0.500948605644577,-0.404638932309505,-0.63289537391929,-0.429849251288707
0.487383745899069,-0.42321657307247,-0.621560672582248,-0.443865127047627
0.473320433799827,-0.441465710235569,-0.609686210662018,-0.45756706870365
0.458778105339526,-0.459368941071902,-0.597271793231017,-0.470933472212225
0.443773926474671,-0.476911006620354,-0.584319113181199,-0.483943046356133
0.428326078102381,-0.494079087352064,-0.570828366687594,-0.496574975450089
0.412457131615982,-0.510858143626251,-0.556797633960716,-0.508810938055874
0.396186656901852,-0.527231604495851,-0.54222594961997,-0.520637197933522
0.379534237135114,-0.543175051168916,-0.527117299113701,-0.532044249855853
0.36251417023961,-0.558668023496338,-0.511477817415642,-0.54302215644446
0.345138935646236,-0.573693971753879,-0.495312262258737,-0.553560483533685
0.327431563644515,-0.588229164187125,-0.478629692390365,-0.563646824963108
0.309411505695412,-0.602254789460828,-0.461442115212765,-0.573266052738535
0.291095964557931,-0.61575514578787,-0.443765815877949,-0.582399986874732
0.272494528792004,-0.628718204134253,-0.425619779704164,-0.591030505890223
0.253617717813221,-0.641135348690257,-0.407013064478799,-0.599143544915788
0.234479468643948,-0.652998357667975,-0.387954780118488,-0.606722932194122
0.215095817109171,-0.664294758933094,-0.368463142903219,-0.613750991231522
0.195489766003937,-0.675005925953345,-0.348558360894469,-0.62021522439052
0.175677696151058,-0.68511625264326,-0.328269440506861,-0.626100108663182
0.155679786939286,-0.694609663350993,-0.307626071956825,-0.63139252733145
0.135516058373277,-0.703472533007196,-0.286651123980505,-0.63608335188695
0.115196802271877,-0.711697685631648,-0.265368317320704,-0.640160027942135
0.0947373803284254,-0.719271940191665,-0.243801573770765,-0.643616812744917
0.074151903641409,-0.726176259849462,-0.221974809645455,-0.646456358078298
0.0534575506344404,-0.73239362319903,-0.199912116250507,-0.648680291787409
0.0326761971646831,-0.737909438236435,-0.177647451898442,-0.650286409310554
0.0118256473653289,-0.742712367296549,-0.155214790421558,-0.651272574705189
-0.00908417091710042,-0.746800246457785,-0.132623901525694,-0.651634003619379
-0.0300427770575463,-0.750175944662177,-0.109871538663547,-0.651360754719041
-0.0510250166040859,-0.752836372518555,-0.0869620149528081,-0.650446428269515
-0.0720010591756934,-0.754776067643444,-0.063916450864737,-0.648885757817729
-0.0929338895364353,-0.755991825526448,-0.0407646042840847,-0.646673799647038
-0.11378488350552,-0.756481007590062,-0.0175283602007001,-0.643810023399282
-0.134524188568006,-0.756240792757673,0.005776225826735,-0.640295904620754
-0.155126694613951,-0.755273541304779,0.0291281893366932,-0.636127533760795
-0.175557804075918,-0.753583938263095,0.052500473635341,-0.631303025406598
-0.195779533912197,-0.751170095575149,0.0758639354081553,-0.625833547453782
-0.215767908563133,-0.74803031973689,0.0991868860688011,-0.619730519032358
-0.235501728275616,-0.74416744155563,0.122418192763632,-0.613006235847363
-0.254967429008738,-0.739585413087739,0.145495406156628,-0.605677486686876
-0.274156325716453,-0.734292707111377,0.168373726731682,-0.597755737487059
-0.293050427370618,-0.728300719660982,0.191039626335169,-0.589247379398859
-0.311638567312168,-0.721610122516469,0.213495684872445,-0.580162848849992
-0.329914024949623,-0.714218756843778,0.23573210866146,-0.570515364087233
-0.347861783432623,-0.706132689951679,0.257723739577663,-0.560318107922883
-0.365465584040969,-0.697357367613636,0.279445365835997,-0.549588027916228
-0.38271368123588,-0.687897832805253,0.300881796429215,-0.538336380522192
-0.399593554343641,-0.677766600620184,0.322020874708556,-0.526563468978041
-0.416081472037332,-0.666980097336355,0.342848204322795,-0.514274218074892
-0.432151541907385,-0.655547984800307,0.363350102071962,-0.501485485308496
-0.447788375918674,-0.643474344126073,0.383520103512404,-0.488208739418842
-0.462982601882464,-0.630765179812838,0.403345718434204,-0.474450981567195
-0.477727950181581,-0.617425433330086,0.422791228918737,-0.460237461362387
-0.492017972424625,-0.603464454339758,0.441816714167757,-0.445596299851145
-0.505840601437007,-0.588900034376246,0.460388771387877,-0.430550018964744
-0.519189049823707,-0.57374649764374,0.478487737297225,-0.415109957047908
-0.532051666706976,-0.558022465118815,0.496102726059044,-0.399278276109862
-0.544409581639732,-0.541751105474983,0.513213531581579,-0.38307299870452
-0.556249240836002,-0.524946828028183,0.529802353212212,-0.366519004340485
-0.567557077094519,-0.507621069023198,0.545862721728162,-0.349632389447272
-0.578319057277282,-0.489789468270478,0.561391869135653,-0.332417836809367
-0.588510634946602,-0.471480444859133,0.576382682932327,-0.314886534620511
-0.59810642696996,-0.452719030059141,0.590837277350688,-0.297043090698573
-0.607095171964882,-0.433521364214489,0.604758760533614,-0.278873850878445
-0.615468277368347,-0.413902050773037,0.618143930022518,-0.260367198192888
-0.623215050758759,-0.393872997094802,0.630986649477257,-0.241520216644808
-0.630321861983486,-0.373456038665873,0.643269375202469,-0.222347819003604
-0.636774335621249,-0.352669265395343,0.654977453108064,-0.202870586480803
-0.642559326912296,-0.331519979384118,0.666103777219967,-0.18310345938792
-0.647663622427164,-0.31001250786918,0.676641000380482,-0.163064827454118
-0.652076469392019,-0.288155943370827,0.686575373904488,-0.142778816750103
-0.655789447329385,-0.265965795609222,0.695888012607609,-0.122275813003839
-0.658803688927586,-0.24345057359233,0.704554237659228,-0.101596988482616
-0.661124382218849,-0.220624254589132,0.712545201909491,-0.0807955998667906
-0.662748058641822,-0.197503136094569,0.71984449582723,-0.0599210148932714
-0.663662555181734,-0.174107705643995,0.726446608981528,-0.0390249687200243
-0.663852959247355,-0.150461866571687,0.732352234512893,-0.0181599562110206
-0.663306347024207,-0.12658287789074,0.737566000634513,0.00263892584632654
-0.662018892560506,-0.102499312550667,0.742084359804607,0.0233406073676438
-0.659992339716826,-0.078247400934418,0.74590082437273,0.043914919577558
-0.65724242398658,-0.0538889880681015,0.748995964217355,0.0643624336290685
-0.653826150847998,-0.0294984181946125,0.751314619948455,0.0847151334904757
-0.649794167813725,-0.0051194681322286,0.752815132769599,0.104975285632835
-0.645156478395653,0.0192066173593492,0.753497001167905,0.125122330796668
-0.639912879319903,0.0434313838207532,0.753371121147198,0.14514227434011
-0.634069122352759,0.0675100530031299,0.752447615084551,0.165016458497821
-0.627642980071094,0.0914039793658584,0.750730832776045,0.184721203553406
-0.62065815722707,0.115078237644506,0.748224116373411,0.204230817862115
-0.613140348843706,0.138498185049258,0.744934735752396,0.223514001858171
-0.6051119791095,0.16164245952899,0.740873855259124,0.242541218782185
-0.596595536103367,0.184503148757425,0.73604739992473,0.261296160827968
-0.587596978059481,0.20708991939722,0.730476558991251,0.2797439143627
-0.57808145502792,0.229408860582755,0.724223278477537,0.297830745809463
-0.568032848828797,0.251438842110903,0.717333290354573,0.315530103282864
-0.557478003363747,0.27315660173817,0.709812781901439,0.332834291413918
-0.546445837529199,0.294550229779511,0.701664949986353,0.349732055928154
-0.534958778791014,0.3156080600288,0.692896660630617,0.366215755157331
-0.523037356695198,0.336319267796941,0.683512727088977,0.382283572386331
-0.510704510516111,0.356675724375887,0.67351493237537,0.39793224378789
-0.497980487495195,0.37666950550902,0.662907425547786,0.413156589014939
-0.484883957130833,0.396286794189685,0.651700028004421,0.42794918222408
-0.471420275986718,0.415512903963852,0.639918513709943,0.442295546030704
-0.457602577355335,0.434345591087572,0.627577854287137,0.456178616013616
-0.443470294605417,0.452782638578152,0.614664507870768,0.469594108744964
-0.431946649887427,0.467242501020246,0.603938419414749,0.479972943659727
-0.417220448359618,0.484959847972245,0.590113337231978,0.492459538181019
-0.402118831732978,0.502235112350644,0.575851804234271,0.504444388260152
-0.386663902456657,0.519011608915904,0.561158640802618,0.515972926033179
-0.370872056176521,0.535273647447521,0.546059117825824,0.52703376014643
-0.354758120455709,0.551008565750489,0.530570808503504,0.53762436496445
-0.338334098037943,0.566205974168276,0.514707248055878,0.547746643913879
-0.321611310937174,0.580856543999128,0.498482177639794,0.55740152739771
-0.304617066016821,0.59494815035134,0.481904425604916,0.566588360510837
-0.287374004014478,0.608454410500873,0.464995171686436,0.575315571374668
-0.269871224369906,0.621342640535489,0.447800716490265,0.583597864817392
-0.252132042461672,0.63359524639885,0.43032815925901,0.59145014705618
-0.234234345064146,0.645207345325958,0.41252717330536,0.598892468322672
-0.216202586229389,0.656211726054399,0.394406400946228,0.605883905866628
-0.198026109610278,0.666642316021149,0.376006920528545,0.612373727650317
-0.179720484128109,0.676499681171918,0.357336772319043,0.618359332675399
-0.161301557700218,0.685783743444573,0.338408633056265,0.623835848587378
-0.14278944035861,0.694492563603349,0.319237754276953,0.628798549032233
-0.124210964955395,0.702623167103665,0.29984305304524,0.633242109286551
-0.105591968387883,0.710174673657862,0.280244293555754,0.637161289812443
-0.0869522683792095,0.717148664419936,0.260459288127031,0.640552230166962
-0.0683098612073259,0.723547715502245,0.240506552414605,0.643411352633796
-0.0496809674928169,0.729376012784368,0.220401716744766,0.645735720630973
-0.0310849882732428,0.734636390012854,0.200158811507892,0.647525020634551
-0.0125405886546255,0.739329750723937,0.179792975802999,0.6487818149283
0.00593867707801222,0.743456261736879,0.159318817726322,0.649510690840536
0.0243385177659928,0.747016846758056,0.138749549525506,0.649716194902163
0.0426422949507745,0.750014449336837,0.118101847768003,0.649400506790796
0.0608353596572833,0.752452672369665,0.0973954827489391,0.648565539477922
0.0789070568134184,0.754334049090665,0.0766474796656499,0.647215641674002
0.0968475589999774,0.755658755983566,0.0558749469409499,0.645358419271429
0.114650078947269,0.756427736244005,0.0350934771562437,0.643000770838022
0.132309466480721,0.756642834942026,0.0143177890308409,0.640148366026813
0.149820282151925,0.756304254832937,-0.00642965784128688,0.636808857410608
0.167182097302025,0.755412958717355,-0.0271246713609519,0.632988755465841
0.184394191024598,0.753969171484839,-0.0477471974932708,0.628695936122883
0.201451480174089,0.75197386613801,-0.068274168394672,0.623939378393582
0.218345999716469,0.749431770117022,-0.0886811060802556,0.618725958701027
0.235069294541632,0.74634816898666,-0.1089507055047,0.613062546061193
0.251613884549412,0.742727736219103,-0.129071968008413,0.60695592445108
0.267967193962437,0.738573945419773,-0.14903833769037,0.600415512961222
0.284117918419935,0.733890473335341,-0.168844861417336,0.593449491155172
0.300053829619285,0.728684743047092,-0.188479844520705,0.586063731167233
0.31575194648426,0.722966048186397,-0.207926554958296,0.578270225243644
0.331184844609056,0.716747140669551,-0.227176801822,0.570078889239231
0.346324469179253,0.71004278779895,-0.246228372647636,0.561497367976635
0.361147327285263,0.702866798352033,-0.265074863205589,0.552535331779436
0.375637434464993,0.695231631745931,-0.283709319630361,0.543201272276062
0.38978808329101,0.687142461923001,-0.302127128748191,0.533506128755878
0.403596084045282,0.678599592953613,-0.320319728805884,0.523466492646107
0.417056381305322,0.669603830383451,-0.338273210381975,0.513103327298873
0.430168953240682,0.660156546200065,-0.355969579546744,0.502436830669596
0.442933276748512,0.650261364799611,-0.37339291429672,0.491484593400186
0.455345777650376,0.639922873660164,-0.390529417630819,0.480265360718839
0.467409076451487,0.629146451476394,-0.407367519344353,0.468790258247349
0.479126794176167,0.617940732691822,-0.423895407075659,0.457065152950748
0.490499703356761,0.606316132857621,-0.440098303503734,0.445099287233317
0.501523549223083,0.594285396127166,-0.455966107852631,0.432900693246546
0.5121886365538,0.581864826708464,-0.471493293477548,0.420475091330436
0.522481474613988,0.569075712706271,-0.486674174846392,0.407827529268898
0.532387219505195,0.555942299705144,-0.501501907751706,0.394964490336071
0.54189818170375,0.542484654664412,-0.515973118634927,0.381886901012458
0.551012470550142,0.528722217593639,-0.530080488736289,0.368594429666448
0.559729316969118,0.514677491942576,-0.543810173079734,0.355091214854609
0.56805085684385,0.500366542019752,-0.557154721569068,0.341378482184217
0.575980988973895,0.485799558285442,-0.570108254526407,0.3274604889603
0.583526719894029,0.470981029015118,-0.582662589291029,0.313347807902316
0.59069473379343,0.455911502412212,-0.594814431210199,0.299047370929707
0.597488182802273,0.440596048105005,-0.606561459389114,0.284561582067156
0.603908913010671,0.425042847807159,-0.617896587363257,0.269899080839517
0.609958950956952,0.409256761162527,-0.628812354947158,0.255074710731946
0.615645081127063,0.393239612836417,-0.639301760986058,0.240096029911695
0.620975459849182,0.377000134968652,-0.649351431756832,0.224971551030319
0.62595564970069,0.360548377864218,-0.658950547363293,0.2097085409701
0.630590178427607,0.343891939784916,-0.66809244794472,0.194308892796374
0.634876996421365,0.327044948746162,-0.676771376672567,0.178780336810963
0.638806505196582,0.310023489654321,-0.68498823164664,0.163131577217913
0.642367036606887,0.292845619322009,-0.692746150597087,0.147369971692378
0.645549632104189,0.275530493807726,-0.700045253683473,0.131508047154373
0.648349208894606,0.258092308647255,-0.70688391951887,0.11556769473951
0.650762723136524,0.240541675675794,-0.713261635540164,0.0995717023279184
0.652787287563752,0.222885992338712,-0.719180994677782,0.0835367745817308
0.654415602685786,0.205131344992833,-0.724649589783461,0.0674790818578379
0.655635363396841,0.187282828249012,-0.729680104808598,0.0514146025165599
0.65643257585877,0.169347005132066,-0.734286232023497,0.0353652211054035
0.656796046876947,0.15133034747393,-0.738479926656486,0.019354091674509
0.656719387891591,0.133242493221414,-0.742269240041914,0.00340044907468009
0.656203104426131,0.115094289820916,-0.745656914474056,-0.012476389222351
0.655246188018515,0.0968896063778337,-0.748649102833335,-0.028257075023162
0.653841169278507,0.0786265047977333,-0.751258566056037,-0.0439234473385073
0.651983144468718,0.060295625252439,-0.753495776885368,-0.0594612085218423
0.649674433983244,0.0418928066505561,-0.755362869868424,-0.0748609484476905
0.647504329004554,0.0271265829875057,-0.756591502088109,-0.087067190047119
0.644727835693684,0.0104826155220291,-0.757688028542322,-0.100668208765622
0.641246910018206,-0.0080311586355018,-0.758536088599208,-0.115628748045404
0.637367660677074,-0.0265470856368356,-0.758981387479614,-0.130438012195752
0.63310558578722,-0.045042292092652,-0.75901498937194,-0.14509948061804
0.628473994451289,-0.0634978290843618,-0.758630149685761,-0.159617869258484
0.623486821193812,-0.0818982691272581,-0.757819571990893,-0.173998441998711
0.620335954784521,-0.0928969259739082,-0.757122644750634,-0.182559221489432
0.614845813774517,-0.11113303934338,-0.755594757407621,-0.19672249395332
0.609070957996246,-0.129236858260752,-0.753603013180656,-0.21076528489365
0.603029156087815,-0.147182591935859,-0.751143025978306,-0.224691744979763
0.596730962683791,-0.164954139804894,-0.748214599455857,-0.238508505709227
0.590181641220461,-0.182540522776943,-0.744820594380462,-0.252222073372275
0.583382253794446,-0.199927501516375,-0.740969319935733,-0.265833991821849
0.579189295031938,-0.210245290633956,-0.738439713306778,-0.273957245381253
0.572740094512555,-0.225548470305102,-0.734345225315001,-0.286081921722897
0.565332389280317,-0.24232850863237,-0.729393780673472,-0.299449495655445
0.557664138942815,-0.258868009351517,-0.724040026471565,-0.312687073825304
0.549724222811641,-0.27516844029815,-0.7183074287738,-0.325774692518003
0.54150108031372,-0.291236016773155,-0.712216896828856,-0.338695082077498
0.532988421306949,-0.307069407189618,-0.705786560574088,-0.351434427785282
0.524179456654812,-0.322670153925826,-0.699032829559977,-0.363980873649621
0.515069518649202,-0.338039944376195,-0.691973789901193,-0.376316044373892
0.505660348013883,-0.353177304209327,-0.684627850498496,-0.388416290542163
0.495959207542774,-0.368081502282133,-0.677008517885322,-0.400261218507123
0.485973835903816,-0.382756544359836,-0.66912370622378,-0.411836652733599
0.47571060497439,-0.397206895001119,-0.660980470263825,-0.423131214881504
0.465179825267451,-0.411442730665512,-0.652582022097623,-0.434129494713776
0.454404402171238,-0.425484317388743,-0.643915645367034,-0.444816232610723
0.443417490834034,-0.439342627825129,-0.634961515003822,-0.45518343869369
0.432246681306896,-0.453014573876128,-0.625708893033278,-0.46522907017175
0.420913092032339,-0.466492962338585,-0.616154419201502,-0.474951914346706
0.409435065081716,-0.479772494807237,-0.606296017048136,-0.484350621573186
0.397825399799607,-0.492849867035256,-0.596129627884373,-0.49342935745134
0.386093468668684,-0.505718664105308,-0.585651322407516,-0.502197270988245
0.374247285685413,-0.518370014960348,-0.574861912914899,-0.510660730843598
0.362298755252026,-0.530792714965666,-0.563766745887112,-0.518820649273762
0.350259158718486,-0.542975216602515,-0.552372778435128,-0.526678131055303
0.338134181233644,-0.554903410292676,-0.540686639505359,-0.534242026413301
0.325922064411947,-0.566555684119916,-0.528720000303517,-0.541529066808691
0.313614750797261,-0.577909824817472,-0.516491898039564,-0.548553776689281
0.301207716169574,-0.588952785703907,-0.504018725267548,-0.555322209811536
0.28870033246203,-0.599675221404067,-0.491313805161976,-0.561837695359012
0.276091697017039,-0.610058008001314,-0.478391803854087,-0.568113534353581
0.263382137692508,-0.620073454068225,-0.465270779443551,-0.574169806850884
0.250574866893265,-0.629706077051298,-0.451964375462801,-0.580017068815541
0.233781585455234,-0.64167196524376,-0.434394536231232,-0.587293581110383
0.220757821166481,-0.650447934520518,-0.420680813807744,-0.592638360186575
0.207649089995933,-0.658840149900768,-0.406807787915938,-0.597769219843486
0.194460581605104,-0.66684523961608,-0.392785085404096,-0.602686891748965
0.181196714376613,-0.674456244784722,-0.378625973623347,-0.607394435985825
0.167848839492402,-0.681672102133848,-0.364354975992371,-0.611885992585076
0.154415257790095,-0.688489698826499,-0.349987613996964,-0.616162021727144
0.140902269212266,-0.694907036548123,-0.335525923409579,-0.620227555019639
0.127311299613612,-0.700936148232512,-0.320982549443243,-0.624067028646225
0.113652089438619,-0.706601860986928,-0.306371606139499,-0.627648433254074
0.0999379577363216,-0.711937191793145,-0.291704561885805,-0.630932161423821
0.0861753132932654,-0.716971184176436,-0.276997010686018,-0.633883188536494
0.0723626066989352,-0.721720572535656,-0.26226727213705,-0.636480989892914
0.0585059636852392,-0.726195948109246,-0.247525423192875,-0.638714933467892
0.0446179093846513,-0.730408598244637,-0.232774657620252,-0.640575978897859
0.0307112416312975,-0.734371025524697,-0.218016722682421,-0.642054381915429
0.0168190076190982,-0.738095756517288,-0.203240978119679,-0.643143828552804
0.00296507246634338,-0.741596234927605,-0.188444173306015,-0.643835483980342
-0.0108425147663522,-0.744885003731559,-0.173634054566416,-0.644118848026449
-0.0245867057624814,-0.747970641820122,-0.158813206461901,-0.643989815545981
-0.0382575977065893,-0.750854485063422,-0.143984527571526,-0.643452763220876
-0.0518486846257327,-0.753522138493996,-0.129148797074851,-0.642530772115115
-0.065349764254925,-0.755956217913994,-0.114297890359508,-0.641252447455033
-0.0787506593733819,-0.758150179924617,-0.0994166717984593,-0.639634323575392
-0.0920481478283064,-0.760098451157038,-0.0845031923578671,-0.637687852879513
-0.105246549544639,-0.761793700363073,-0.0695704047718035,-0.635423154185204
-0.118350719776031,-0.763226505086942,-0.0546206678082043,-0.63285392936139
-0.131348604923904,-0.764370794779644,-0.0396378666342948,-0.630018075772322
-0.144225619684896,-0.765190266068101,-0.0246157472080015,-0.626965706023242
-0.156983324727279,-0.765661002396396,-0.00956295094377621,-0.623728401898499
-0.169627707469715,-0.765770933229043,0.00551756160757124,-0.620322480160674
-0.182163187683377,-0.765509671932013,0.0206255179374164,-0.616761872557048
-0.194589780024169,-0.764867676433226,0.0357559931620319,-0.613060248433603
-0.206900617604083,-0.763836847044165,0.0509010829949209,-0.609231966890537
-0.219087898310827,-0.762411221952293,0.0660510906509389,-0.605289995851132
-0.231145440311608,-0.760588154158585,0.0811977809982362,-0.601243270013423
-0.243062029950319,-0.758366645795991,0.0963347707239148,-0.597100993374507
-0.254830057189054,-0.755748287079315,0.111446231441565,-0.592870146175248
-0.266469033508496,-0.752746481089019,0.126501116562714,-0.5885350975908
-0.278003587245118,-0.749389750269606,0.141475341474041,-0.584057222901303
-0.289435241460332,-0.74570521105335,0.156358952981834,-0.579406559532923
-0.300758956774586,-0.741710348619068,0.171141609098959,-0.574568936251289
-0.311971956840482,-0.737420542071004,0.185814906655972,-0.56953170845874
-0.323069537457597,-0.732850601988099,0.200370110413596,-0.564284495785707
-0.334045849204311,-0.728014280301781,0.214794081200042,-0.558821246183555
-0.344894347792333,-0.722925727051922,0.22907629522429,-0.55313600243731
-0.355606971761065,-0.717600790514298,0.243211242873767,-0.547220415030944
-0.366176717358471,-0.7120570415967,0.257198536676936,-0.541061362607819
-0.376597666801774,-0.706311556986833,0.271038043309679,-0.534645363866381
-0.386864358283451,-0.700377717196249,0.284726575158368,-0.527964869231038
-0.396968964829362,-0.694263449489127,0.298261721346594,-0.52102106813812
-0.4069000498087,-0.687973919198683,0.311643272014508,-0.513820796751971
-0.416646106624804,-0.681513890619466,0.324873194188342,-0.506370763989816
-0.426195142099652,-0.674888862207258,0.337950489721097,-0.498679551631284
-0.434611499742883,-0.668792227989782,0.349587866035348,-0.491555925802154
-0.443762264675992,-0.661870053992989,0.362374602171352,-0.483422006094842
-0.452701290029525,-0.65478819000483,0.375012851884018,-0.475066767261479
-0.461427068431045,-0.647541624042004,0.387504379952197,-0.466502267270665
-0.46993875879028,-0.640121562717579,0.399848677931784,-0.457746749726867
-0.478233052393425,-0.632522469823917,0.412041365439857,-0.448820108875958
-0.486307718742293,-0.624738728755916,0.424079237536075,-0.439741091977517
-0.494163066548513,-0.616765333951614,0.435957214808785,-0.430527348201876
-0.50180099025242,-0.608599785180702,0.447666852769124,-0.42119539502484
-0.509225470375776,-0.600239050483334,0.459201422481939,-0.411759226228931
-0.516443492941157,-0.591679881107889,0.470556788096231,-0.402226864177541
-0.523461074606554,-0.58291958308415,0.48172913959509,-0.392605913470973
-0.530281249130475,-0.573957501713979,0.492714182853769,-0.382905237963994
-0.536907519315803,-0.564794095630347,0.50350901534828,-0.373129630162098
-0.543344625018284,-0.555430061003479,0.514109980339928,-0.363282394441206
-0.549596297346938,-0.545867195192512,0.524513465647769,-0.353366160954898
-0.555663313908052,-0.536109169967476,0.534716657236285,-0.343383808771167
-0.561545918189009,-0.526161805642116,0.544714499586271,-0.333339397893213
-0.567243629804408,-0.516031462525045,0.554503527587427,-0.32323541919524
-0.572754757824503,-0.505723960563322,0.564083786790386,-0.313071635221717
-0.578076341368816,-0.495246283129792,0.573455215064085,-0.302848283980961
-0.583203095088863,-0.484606379451468,0.58261704639389,-0.292570142570305
-0.58813113162995,-0.47381227954692,0.591568118287123,-0.282240963332929
-0.592856815400085,-0.462871890319647,0.600309114807998,-0.271861141876994
-0.597374462398654,-0.451795029440845,0.608839368316921,-0.261435901957915
-0.601680988294363,-0.440592986998221,0.617154235472551,-0.250973229588396
-0.605777248222683,-0.429275179369734,0.625249504875181,-0.240476416234133
-0.609665283899524,-0.417849964955997,0.633122422615354,-0.229945103392708
-0.613347038957099,-0.406324848231916,0.640771453138011,-0.219377702955215
-0.616824339899838,-0.39470633650194,0.648195684967633,-0.208772842631217
-0.62009896345459,-0.383000496259048,0.655393884348275,-0.198130906083254
-0.623172615956229,-0.37121382046243,0.662364294150422,-0.187453557590175
-0.626045605018234,-0.359351691078104,0.669107028946627,-0.17674317686833
-0.628717212403241,-0.347416803802997,0.675624799192248,-0.166001404145485
-0.631187749455726,-0.335409728024978,0.681919973611911,-0.155230773595286
-0.633457026902406,-0.323330188741035,0.687995349022261,-0.144434372775384
-0.635521480534995,-0.311181878480322,0.693855062884832,-0.133613405733788
-0.637374836214943,-0.298971674071168,0.699504048218541,-0.122769894467502
-0.639009950743126,-0.286703120687177,0.704949222753432,-0.111907555497653
-0.640420705630099,-0.274378987422003,0.710196599119045,-0.101031608221841
-0.641603583899218,-0.262002594378703,0.715249435163885,-0.0901489398877078
-0.64255596789003,-0.249578165274615,0.720110080056162,-0.0792662875830405
-0.643275244840017,-0.237108708235318,0.724781556826492,-0.068390196211043
-0.643760432524348,-0.224595584559281,0.729266062101754,-0.0575277652769755
-0.644012163658407,-0.21204314732162,0.733563555795656,-0.0466867276751695
-0.644033104734865,-0.199458104178715,0.73767191517619,-0.0358758197386552
-0.643828180243834,-0.186844796136185,0.741588392453657,-0.0251009333962751
-0.643403537664391,-0.174204219751412,0.74531039449547,-0.0143630636487788
-0.642767230404809,-0.161538756314768,0.748833219651795,-0.00366484250130562
-0.641929224302675,-0.148851611547905,0.752150466019425,0.00698923394525306
-0.64089844641938,-0.136146047629492,0.755256852600235,0.0175961896757175
-0.639683501474662,-0.123427123094565,0.758147287276637,0.0281524105435857
-0.638293362336646,-0.110699994694812,0.760816767196475,0.0386528876395453
-0.636736404698466,-0.0979689711512986,0.763261149957501,0.0490953438464548
-0.63502135029492,-0.0852389056794875,0.765475927010234,0.0594804421185927
-0.633156930786573,-0.0725142867328403,0.767456672692865,0.0698093042106126
-0.63115098565149,-0.0597989752151169,0.769199614784126,0.080084784378466
-0.629010161216096,-0.0471000645138809,0.770701597831035,0.0903103111997643
-0.626739124953158,-0.0344247739653464,0.77196133134521,0.100487866415491
-0.624340193383545,-0.0217765742569032,0.772979669742045,0.110619338741145
-0.621815115372925,-0.00915922641350254,0.773757849742636,0.120706110141669
-0.619165561935652,0.00342249333805591,0.774297307237209,0.130748145899223
-0.616392022576896,0.0159658870554481,0.774600071549929,0.140747285258256
-0.613494372569942,0.0284708910286736,0.774668061570686,0.150706873665335
-0.610472036789818,0.0409367722230409,0.774503864155608,0.160626715039248
-0.607323989348952,0.0533612156792132,0.774111000187904,0.170503419934058
-0.604048813792736,0.0657421501936568,0.773493171772406,0.180334183291972
-0.60064412479495,0.0780770345215525,0.772655086825163,0.19011531508914
-0.597107654927485,0.0903624332447649,0.771602536701493,0.199839206962797
-0.593437312064876,0.10259566593697,0.770341558500951,0.209497669259361
-0.58963138249279,0.114775683183796,0.768877324187291,0.219084777833927
-0.58568845873993,0.126903870042345,0.767213816424851,0.228596809147788
-0.581607819451449,0.13898238873222,0.765353890793849,0.238031019030149
-0.577389030422731,0.151009779481395,0.76330140625823,0.247382338600191
-0.573030968589233,0.162979995253495,0.761062580117179,0.256643495005919
-0.568533414091749,0.174885820978946,0.758643322864474,0.26580842641546
-0.563895791018692,0.186722930677089,0.756049175068903,0.274872394225038
-0.559118180911018,0.198488685792491,0.753285074206462,0.283830587786979
-0.554201708325964,0.21018042270081,0.75035430762196,0.292681010032551
-0.549145688122652,0.221796035428744,0.747259964452995,0.301425250449781
-0.543950239435247,0.233333562376148,0.744004951974912,0.310063415001857
-0.538618852901797,0.244789951142052,0.740591009439136,0.318593270574187
-0.533158903510053,0.256161728293943,0.737018083007767,0.3270110121748
-0.527580379374674,0.26744933664807,0.733284158977161,0.335310664932019
-0.521892809670923,0.278661323328167,0.729384646335711,0.343486395630348
-0.516101006534489,0.289809840503133,0.725316094918233,0.351533318552899
-0.510207419299911,0.300900365791754,0.721078225786296,0.359447709205682
-0.504216419115271,0.311932952864931,0.716670204867009,0.367228208701404
-0.498131156130289,0.322908052041184,0.712091001661281,0.374874980187949
-0.491953293049704,0.333826395627475,0.707341131260256,0.382386614914793
-0.485684991537067,0.344690079591208,0.702420977842486,0.389759813362575
-0.479329050451913,0.3555000998317,0.697331074742397,0.396990953057804
-0.472886912110099,0.366255193298578,0.692072859628629,0.404078411822335
-0.466357262431169,0.376951574112641,0.686649002633537,0.411023923796035
-0.459737292987896,0.387578676863112,0.681064624185655,0.417833067813765
-0.453023857750206,0.398119216383382,0.675326791677946,0.424515373686261
-0.446216786374196,0.408554885264019,0.66944196313139,0.431080094045399
-0.43931753598143,0.418875182612,0.66341367724468,0.437532948489905
-0.43232733973205,0.429074762375388,0.657243874101563,0.443877814006616
-0.425248688453934,0.439147518586807,0.650935406999358,0.450116884820432
-0.418083997141587,0.449088191689899,0.644492357947122,0.456250229770002
-0.410835053625846,0.458890823904508,0.637919577953348,0.462278581280729
-0.403502035661141,0.468549911340002,0.63122182517623,0.468204228323912
-0.396084697323438,0.478061660690371,0.62440401315832,0.47402815704825
-0.388584230994751,0.48742214581346,0.617471712473027,0.47974965939233
-0.381003252728496,0.496628632933262,0.610428938457983,0.485368043501851
-0.37334580273183,0.505677708000973,0.603278110715736,0.490884500206789
-0.365614985842499,0.514567714712551,0.596020513204239,0.496300716442417
-0.357811567633295,0.523299100109319,0.588658396849054,0.501616716139219
-0.34993508371936,0.531871169518362,0.58119588244474,0.50683226677608
-0.341984805617975,0.540282144491746,0.573638787892738,0.511946522884368
-0.333960039688503,0.548529040525102,0.565994370981906,0.516958470099164
-0.325861022441973,0.556610471458323,0.55826995850571,0.521865054151602
-0.317691225845931,0.564526277665522,0.550472190564686,0.526661028042842
-0.30945525501027,0.572276957810507,0.542605051023904,0.531343007395065
-0.301157074647864,0.579864008265586,0.534671273032282,0.535908464479108
-0.292798887997424,0.587289131978517,0.526675581962415,0.540353793556178
-0.28437952672722,0.594557354483705,0.518622902315686,0.544673504404401
-0.275898683290681,0.601674975343881,0.510516053822683,0.548862098883984
-0.267358606953867,0.608646138675602,0.502356043547026,0.552916596670198
-0.258762345453543,0.61547423668993,0.494144090808047,0.556834117367486
-0.250115114325501,0.622162288685797,0.48588108039498,0.56061144836331
-0.24142533885432,0.628713382108274,0.477565561209166,0.564245981698263
-0.232701612958108,0.635131148778635,0.46919404862801,0.567736234627041
-0.227456217162102,0.638919358512915,0.464146201204739,0.569757080427767
-0.218701275837962,0.645132724486518,0.455689370314875,0.57300071703628
-0.20993144550104,0.651223319847094,0.44716979169219,0.576094833750265
-0.201153613893878,0.657193528060409,0.43858527580458,0.579038815917354
-0.192375870909134,0.663045174836213,0.429934361289753,0.581831736500639
-0.18360742856939,0.668778584665737,0.421217560914977,0.584472743113035
-0.174857243596432,0.674393984538757,0.412435071786243,0.586961765142398
-0.166132955163344,0.679892274888818,0.403586497215568,0.589299057541313
-0.157440239868138,0.685274490128838,0.394670385403097,0.591486124210285
-0.148783003463757,0.690541229036223,0.38568501420749,0.593525570549258
-0.140165941737954,0.695693165283904,0.376629545593119,0.595419027357124
-0.13159427878712,0.700729830268626,0.367503758481828,0.597168939633115
-0.123071430623522,0.705648377454933,0.358307555455968,0.598780920087869
-0.114598052165578,0.710445683920379,0.349041389616803,0.600261134150579
-0.106172548122056,0.715119452885908,0.339706047037222,0.60161488008059
-0.0977939280815523,0.719667852929354,0.330303121863126,0.60284615033731
-0.0894615615673181,0.724089550709628,0.320834433664843,0.603958046497132
-0.0811750056271936,0.728382866054492,0.311302573530469,0.604953577402081
-0.0729349052677183,0.732545676003622,0.301711072977529,0.605835674752931
-0.0647422761293745,0.736575212204997,0.292064666787397,0.606607557700797
-0.0565966351953202,0.740469291858946,0.282368150639051,0.607272081032684
-0.0484956847278265,0.744225732109584,0.272624735616865,0.607833106993337
-0.0404355615849263,0.747842655079778,0.262837639996138,0.608294178668847
-0.0324113424009338,0.751319302342647,0.253009637476971,0.6086575706861
-0.0244188599191084,0.754655139303079,0.243144173690912,0.608924753153023
-0.0164550670260529,0.757849524128116,0.233247264962932,0.609096172319179
-0.00851761296715876,0.76090075817269,0.223325218662076,0.609173569181813
-0.000602759605870315,0.763807430179512,0.213382943154261,0.609158985859078
0.00729466944985197,0.766568760327759,0.20342508125063,0.609053744758178
0.0151793911813711,0.769183792140674,0.193456636463012,0.608859190616747
0.0230545663738948,0.771652232320075,0.183482425230076,0.608575897612652
0.0309232135675102,0.773973358290305,0.173507718566418,0.608204876103416
0.0387893083221805,0.776146290889377,0.163536653414509,0.607747638322963
0.0466548268652427,0.778171430894991,0.153571824477361,0.607204537363085
0.0545208605045509,0.780049494503294,0.143616265173224,0.606575415320551
0.0623883079942295,0.781780760687822,0.133672701869349,0.605860754808845
0.0702562719492061,0.783365481686147,0.123743383970741,0.605061366703003
0.0781247412631401,0.784804128528911,0.113830391708346,0.604177747660964
0.0859923325046736,0.786097758610289,0.103936734669651,0.603209658446466
0.0938553469295437,0.787247824334595,0.0940655290223939,0.602156804646038
0.101710483374927,0.788255654198535,0.0842181402525205,0.601019475763221
0.109555980007446,0.78912256025562,0.0743948724574008,0.599797948721798
0.117389204356122,0.789850688383558,0.0645951819133441,0.598491630211185
0.125205266962593,0.790442956175401,0.0548196747184876,0.597099222591928
0.132999932544854,0.790901482271505,0.0450700008627283,0.595620401350255
0.140769413997165,0.791227861659385,0.0353472468767604,0.594055653414433
0.147735924023415,0.791409884002938,0.026622832249176,0.592574738962978
0.15467343204162,0.791488034515347,0.0179253574432105,0.591025047183821
0.162343838839344,0.791456612110349,0.00829119597935124,0.589220900346849
0.169969065654175,0.791304164179209,-0.00131343272825677,0.587329222469276
0.177544105402941,0.791034261681447,-0.0108894241986702,0.58534896610653
0.185065049349156,0.790650672887836,-0.0204382700804692,0.58327851176443
0.192526836270547,0.790156796606367,-0.0299615753767546,0.581117081397515
0.199924971999993,0.789555479978264,-0.0394605225678663,0.578864510023175
0.20725738659736,0.788849065064111,-0.0489363416784218,0.576520482645714
0.214522107947047,0.788039711086555,-0.0583898232317921,0.574084847121168
0.221715099564806,0.787129760173218,-0.0678197226956323,0.57155817261825
0.228833280567182,0.786121683033195,-0.0772256013172694,0.568940541594382
0.235875205984616,0.785016839243222,-0.0866090395030924,0.566232662234573
0.242838445102452,0.783816089157632,-0.0959714668519447,0.563436251679595
0.249721369424701,0.782519992542804,-0.105313435383135,0.560553194130465
0.256522598354497,0.781128986444087,-0.114635105236548,0.557585473193394
0.263241052944187,0.779643396275841,-0.123936202612799,0.554535160804822
0.269876714893696,0.778063568926033,-0.133215535722856,0.551403995913107
0.276428792715266,0.776390695729224,-0.142471422116869,0.548193039194834
0.28289495722038,0.774626434919467,-0.151701388301574,0.544903773605224
0.289272838618652,0.772772228938145,-0.160904208632442,0.541537853582231
0.29556199951278,0.770828469815284,-0.170080929122226,0.538096790841348
0.30176184650613,0.768795682676627,-0.179230675066937,0.534582505890945
0.307871927870006,0.766674557907547,-0.188350306284635,0.530997424295032
0.313893170653352,0.764465275420265,-0.197436913326285,0.527343995460834
0.319827717216476,0.762167878039316,-0.206488274445434,0.523623962114302
0.325677713441611,0.759782443333094,-0.215502257910703,0.519838962376032
0.331443187180182,0.757309869373854,-0.224475533745999,0.51599129291961
0.33712383288246,0.754750406245346,-0.233405790872548,0.512084159646525
0.342720519975758,0.752103199066328,-0.242292604244641,0.50812087269536
0.348234628575663,0.749366532925969,-0.251136527648815,0.504105139301693
0.353667152007245,0.746539118071438,-0.259936788239161,0.500040859429222
0.359019189997868,0.74362121961751,-0.26869069583134,0.495930556752151
0.364292186802966,0.740612419265754,-0.27739694577442,0.49177686580121
0.369486062810188,0.737512472281421,-0.286054850019864,0.487582946376396
0.374598927265279,0.734321062599495,-0.294663652689722,0.483353552481621
0.379628228620935,0.731036397664547,-0.303222783909241,0.47909627512714
0.38457284703537,0.727655767589806,-0.311730904975639,0.474819709256127
0.389436319156208,0.724175711139029,-0.320188329928972,0.470528883591905
0.394225013354925,0.720592980181451,-0.328596598838687,0.46622502634326
0.398944306900587,0.716905427908336,-0.336954511847676,0.461909957211652
0.403597344617386,0.713113118193428,-0.345258135153179,0.457585826252731
0.40818669325671,0.709217281019263,-0.353503737719535,0.4532534427544
0.41271391953889,0.705219518838324,-0.36168902046171,0.448912917551212
0.417178775280233,0.701122348404605,-0.3698125219966,0.444563971545618
0.421581763043993,0.696927957947137,-0.377873179019294,0.440205864655177
0.42592488647042,0.692638541801194,-0.385870308354125,0.435836036630714
0.43021025827215,0.688257721180904,-0.393803930186068,0.4314487358666
0.434438995225757,0.68379030773916,-0.401674763620888,0.427036371914533
0.438611943645439,0.67924063725405,-0.409483202864693,0.422592392696032
0.442729572089962,0.674613902500363,-0.417227085123993,0.418111554716928
0.446791883216133,0.669917466120706,-0.42490143419713,0.413588535980409
0.450800854910351,0.66515716822609,-0.432500577832392,0.409019419028969
0.454760981221898,0.660335348577946,-0.440020923223194,0.40440124715553
0.458676529515004,0.655453546930791,-0.447460096873819,0.399731228442549
0.462549822736296,0.650513865037538,-0.454815722582091,0.395007766469569
0.4663806483219,0.645520034317808,-0.462083662624596,0.390231686436601
0.470167099314093,0.640477648698039,-0.469256358172013,0.385407388038351
0.473908512359465,0.63539047054712,-0.476327510480696,0.380540245978012
0.477605539254253,0.630260298546788,-0.483294197135286,0.375633768667471
0.481254744793493,0.625091207717101,-0.490154863320552,0.370691471186402
0.48484954203856,0.619887133282286,-0.496910975183095,0.365717719720081
0.488384490238793,0.614647901855113,-0.503568522691365,0.360716500305074
0.491854164153852,0.609372598312241,-0.510135014668316,0.35569072048433
0.495252044193578,0.604062665467288,-0.516616399563688,0.350642708196094
0.498572709815674,0.598719348641474,-0.523017596854991,0.345575016701181
0.501813930573381,0.593342049141771,-0.52934274854147,0.340489868524606
0.504975550420465,0.587929366287307,-0.535595642536623,0.335388082121207
0.508058859521876,0.58247924538098,-0.54178116173833,0.330267166012308
0.511064808074667,0.576991050927242,-0.547903245464845,0.325123402579962
0.513993144018282,0.571465840778518,-0.553962835164887,0.319956437941457
0.516844421729507,0.565904347744243,-0.559959122933569,0.314768165120495
0.519620223861661,0.560306637802834,-0.565891307006476,0.309560054660071
0.522321336387621,0.554673555387072,-0.571759250920831,0.304332271856876
0.524948373686862,0.549006285496272,-0.577562904359404,0.29908443482675
0.527502246296144,0.543305960308532,-0.583300984038574,0.293818106766717
0.529982810454684,0.537574733490453,-0.588971338353632,0.288536814517223
0.532389631815313,0.531814524978052,-0.594572689530747,0.283243732535628
0.534723438667604,0.526025040998152,-0.60010576578241,0.277940055507829
0.536312100056604,0.52195631005089,-0.603938577417767,0.274222976127359
0.538517657158602,0.516120682587676,-0.609357461795101,0.268906604394308
0.54065154353443,0.510255084935628,-0.614711579832635,0.263580034504592
0.542713144442385,0.504359991485015,-0.62000208976922,0.258243982929121
0.544701735594845,0.498436394782362,-0.625229938842695,0.252898808557261
0.546617215023903,0.492486713079384,-0.630394613665012,0.247544325203627
0.548458949104974,0.486513602291343,-0.635495750394143,0.242180823687086
0.55022593035175,0.480518306081506,-0.640534741415671,0.236807796170806
0.551917228224523,0.474501730167184,-0.64551355777504,0.231423490995453
0.553531862101565,0.468465747413951,-0.650433452474989,0.22602599239541
0.5550685510744,0.462413943833586,-0.655293906368736,0.220615612845147
0.556525888894253,0.456350602038931,-0.660093631324054,0.215194249675015
0.557902255635348,0.45027944181061,-0.664831696202116,0.209765148114111
0.55919653950977,0.44420319130797,-0.669507641921271,0.204331536087146
0.560409824927575,0.438121870574943,-0.674121682333554,0.198894736619491
0.56154370684971,0.432034951628259,-0.678673480003118,0.193457689452016
0.562599310197935,0.425941976186616,-0.683162561037582,0.188025180447251
0.563578875934433,0.419841440526408,-0.687588625542424,0.182600661664927
0.564485493996943,0.413732970051767,-0.6919503675209,0.177186200493898
0.565322459890932,0.407616607170553,-0.696245894938132,0.171784678833806
0.566093419998682,0.401491021986653,-0.70047412842287,0.166398012930235
0.566801387587673,0.395353597912645,-0.704635920290978,0.161024978436591
0.567449311622434,0.389200486193059,-0.708732837714032,0.155663512843344
0.568040794905179,0.383027818515116,-0.712765682653063,0.150311447993051
0.568578519673485,0.376832600102649,-0.716735269454049,0.14496660368864
0.569063905610147,0.370615110239068,-0.720641114325408,0.139628793365316
0.569498764269261,0.364376361301924,-0.724481970324246,0.134298189466046
0.569885535541086,0.358115020257015,-0.728257590790972,0.128973230948512
0.570225381624645,0.351831272614957,-0.731967813169952,0.12365271708681
0.570517951805845,0.345527135419986,-0.735612337411436,0.118337900109852
0.570763508297689,0.339203490453171,-0.739190898767047,0.113030655304952
0.57096284314438,0.332860924462346,-0.742702970996414,0.107733178669616
0.57111710395345,0.326501475112661,-0.746146907703902,0.102449678591915
0.571226992488113,0.320129162248245,-0.749520591201681,0.0971855446786762
0.571292746395807,0.31374768645778,-0.752822833317856,0.0919449454390958
0.57131567978768,0.307359248978603,-0.756052674620641,0.0867302916726744
0.571296942803605,0.300964737440203,-0.759210033129019,0.0815429932957952
0.571236650302122,0.294565509825504,-0.762295539264532,0.0763836683384756
0.571134531179524,0.288164644781501,-0.765309474548184,0.0712530501640242
0.570991009275883,0.281764314371631,-0.768252043870238,0.0661516421610345
0.570807659271364,0.275364321936406,-0.771123570978258,0.0610790373368015
0.570586186324232,0.268964012194229,-0.773924393219714,0.0560348275490355
0.570328242234576,0.262564529721997,-0.776654151865584,0.0510195690891174
0.570035575601554,0.25616692351771,-0.779312495116388,0.046033563821923
0.569710297049652,0.249771231376642,-0.781899204644407,0.0410761169930059
0.569354250422224,0.243378674010811,-0.784413860068702,0.0361463538078975
0.568968217032613,0.23699200668974,-0.786856333314656,0.0312437464641548
0.568552629637207,0.230613258047529,-0.789227022542134,0.0263674730151862
0.568107857040602,0.224242535906677,-0.791526929644588,0.0215167772886877
0.567634555312034,0.217879622962746,-0.793756886853058,0.0166910240929037
0.567133783037111,0.211525054470435,-0.795917184127694,0.0118896458373644
0.566605887396853,0.205181167255599,-0.798008127032088,0.00711269008145889
0.56604985943674,0.198850958992108,-0.800030868589641,0.00235928842501618
0.565463450334246,0.19253531338493,-0.80198797635306,-0.002372639791794
0.564844465528239,0.186234591981093,-0.803882028591562,-0.00708483012284434
0.564190699103506,0.179949255132168,-0.805715519351877,-0.0117782297741366
0.563499713990113,0.173678083411232,-0.807491411157645,-0.016453594771732
0.562769377421847,0.167418565105629,-0.80921261514547,-0.0211115982869339
0.56199850824179,0.161169645630855,-0.810880968774842,-0.0257522957928173
0.561187225757898,0.154932467170693,-0.812496974771959,-0.0303743057133969
0.560335619319368,0.148708059794179,-0.814061240157166,-0.0349758223149755
0.55944291418737,0.142496140475016,-0.815575180632262,-0.0395563477904819
0.558508165994719,0.136295678756366,-0.817040377154784,-0.0441162415321798
0.557531135869829,0.130105354858646,-0.818457895140883,-0.0486560094228786
0.556512523466134,0.123924523225363,-0.819827990655152,-0.0531760632771971
0.555453032651296,0.117752427065971,-0.821150873131805,-0.0576770508263605
0.554353284771391,0.111588502927507,-0.822426698365826,-0.0621600489965579
0.553214191794816,0.105432533511584,-0.823655381203175,-0.0666254912761264
0.552036857166565,0.099284738253419,-0.824836764479365,-0.0710722536678318
0.550822392791837,0.093145390893184,-0.825970752221487,-0.0754986650723408
0.549571752137767,0.0870131397483437,-0.827057360886165,-0.079905123527682
0.54828644576968,0.0808864919262992,-0.828096108622389,-0.084292869758752
0.546969174493368,0.0747654665629284,-0.829085742747272,-0.0886610542204273
0.545623858940954,0.0686499947214985,-0.830024295317034,-0.093008366081669
0.544254250055032,0.0625398302192589,-0.830909914510201,-0.0973339565641533
0.542862092584214,0.0564356726797188,-0.831742015474767,-0.101637036442681
0.541447011292893,0.0503370702149254,-0.832521267795971,-0.105918630042885
0.540005954953129,0.0442442507698817,-0.833249677444098,-0.110182095309898
0.538532576531027,0.0381621385063696,-0.833931005057643,-0.114431194180716
0.537019128881857,0.032096706277229,-0.834569925198884,-0.118669291787117
0.5354590446793,0.0260515902067818,-0.835170731245227,-0.122897843710711
0.533849108911166,0.0200280671010368,-0.835736020813983,-0.12711574707943
0.532188420878615,0.0140255610691559,-0.836267097748999,-0.131321033122993
0.530476015084348,0.00804267559462737,-0.836765184682135,-0.135512518580333
0.528709420451683,0.00207860486389204,-0.83723219002631,-0.139690344368591
0.526885282978112,-0.0038661346820745,-0.837670400074218,-0.143855332267505
0.525001449905179,-0.00979062212803594,-0.838081385729983,-0.148007825493511
0.523057377973594,-0.0156921947244784,-0.838465884691664,-0.152147293038503
0.521055195654459,-0.0215696736574035,-0.838823278108462,-0.156271701090703
0.51900060943466,-0.0274263668105283,-0.839150937570087,-0.160377585665424
0.516900783148628,-0.0332655812845087,-0.839445355546237,-0.164461487080082
0.514762250725186,-0.0390889913415531,-0.83970284490157,-0.168523329088445
0.51258809882386,-0.0448958750999768,-0.839921308701405,-0.172566221292195
0.51037839170272,-0.0506826534715233,-0.840100624813803,-0.176593347287177
0.508132984861378,-0.0564451279278015,-0.840240741485462,-0.180608465404152
0.505851545012044,-0.0621800869120102,-0.840341593411587,-0.184615713799282
0.503535039402014,-0.0678862727638797,-0.84040240449713,-0.188618187825783
0.501186353839756,-0.0735633349205026,-0.840421846970774,-0.192615933434686
0.498808585093849,-0.079209583137411,-0.840400316113143,-0.196601755463678
0.496399726924764,-0.0848265558315145,-0.840342164743786,-0.200563996986276
0.49394763738539,-0.0904231026276149,-0.840258946165225,-0.204483255110275
0.49144302284727,-0.0960058457464053,-0.840159281588802,-0.208346150998864
0.488885762277057,-0.101576104714869,-0.840043861733518,-0.21215188181153
0.486275516515433,-0.107134344025811,-0.839914087649808,-0.215897623733564
0.483610611555059,-0.112680814136988,-0.839772286504101,-0.219580102775828
0.480889418367707,-0.11821618431568,-0.839620890004807,-0.223195354642399
0.478110637901999,-0.123741590030041,-0.839462299876228,-0.2267385898053
0.47527273154478,-0.129257430539516,-0.839299118260826,-0.230205216243004
0.472373218347754,-0.134764112188443,-0.839133783802238,-0.233593179982178
0.469409792607425,-0.14026437890754,-0.838966462131764,-0.236906585452255
0.466385229481985,-0.145757623732284,-0.838794128947555,-0.240152131547207
0.463313135733546,-0.151236420173445,-0.838606819293706,-0.243343769804294
0.460204110989362,-0.156696377337127,-0.838396959866999,-0.246491507850243
0.457058101027212,-0.162136964879924,-0.838165769003308,-0.249593158509241
0.453873402772984,-0.167556736307609,-0.837919560822568,-0.252633307706509
0.450649607019015,-0.172955561075974,-0.837663709718324,-0.255597181529908
0.447388065600517,-0.178333793141728,-0.837398404059393,-0.258484030569188
0.444090323074469,-0.183691176225642,-0.837123848427239,-0.261293136766779
0.440757865433113,-0.189027830577236,-0.836840153041189,-0.264023949259741
0.413265357039202,-0.231283077313616,-0.833407780883669,-0.284886745533643
0.410082193676616,-0.235983576074648,-0.832894933496393,-0.287122761562056
0.40651595698569,-0.241181810558221,-0.832320868913126,-0.289529249545109
0.402921117065182,-0.246355053928742,-0.831740322787475,-0.29185767160499
0.399298858360298,-0.251503308851086,-0.831153671452493,-0.294107439516153
0.395650505437445,-0.256627194526298,-0.830561067164785,-0.296277873769433
0.391979926111681,-0.261729806884761,-0.829956065024543,-0.298381098665971
0.388291457687299,-0.266812722665259,-0.829332524966667,-0.300428663982025
0.384585925322579,-0.271876319224311,-0.828690591104047,-0.302420140703341
0.380863728656085,-0.276921901051803,-0.828030149500172,-0.304355477409805
0.37712605152513,-0.281949958295547,-0.82735124852787,-0.306233861674648
0.373373288398126,-0.286961643770357,-0.82665389649119,-0.308054933623704
0.36960567730278,-0.291958051588865,-0.82593803836318,-0.309818657284164
0.365823745736385,-0.296940357099934,-0.825203614209076,-0.311524494503452
0.362028043026799,-0.301909711841449,-0.824450465361617,-0.313172087392221
0.35821931896649,-0.306866786958515,-0.823678335514959,-0.314761494441164
0.354397864729149,-0.311811951038772,-0.822887159263019,-0.316293041313654
0.350564726113247,-0.31674468721745,-0.822077041340696,-0.317766609674111
0.346720925402736,-0.321665099601199,-0.821247780115333,-0.319182316929754
0.342867386502063,-0.32657273709426,-0.820399301345509,-0.320540626458481
0.339005669647595,-0.331465996555353,-0.819531881240691,-0.321841651908255
0.33513649081176,-0.33634351505605,-0.818645877533534,-0.32308606253142
0.331260924221714,-0.341203357232313,-0.817742057923761,-0.324273804058197
0.32737993316701,-0.346043620529097,-0.816821357806816,-0.32540461840591
0.323493698474229,-0.350863255443499,-0.815884212144113,-0.326479493383003
0.3203816077524,-0.354703174819713,-0.815124179281595,-0.327296440151582
0.316487533818813,-0.359483024098838,-0.81416144337858,-0.328264900097976
0.312588558865534,-0.364241166707966,-0.813182957681103,-0.329179809340108
0.30868467934247,-0.368977386653077,-0.81218877410014,-0.330042355315499
0.304775451211285,-0.373691427349102,-0.811178906599733,-0.330854238526573
0.300860704446656,-0.378382998451303,-0.810153801026815,-0.33161584082089
0.296939987269528,-0.383052234075427,-0.809114221789165,-0.332326511472233
0.293012819543236,-0.387700167841891,-0.80806049490651,-0.332985597599546
0.289078853802415,-0.392328227769087,-0.806992255735576,-0.333593437227482
0.285137926762852,-0.39693785125701,-0.805908945427629,-0.33415053619464
0.281190103339069,-0.401530130965632,-0.804810278656491,-0.334656838086921
0.277235257077589,-0.406105610897477,-0.803696392073055,-0.335112009032879
0.273273703126486,-0.410664202704797,-0.802567615297492,-0.335515607491895
0.269305592704133,-0.415205661460111,-0.801424228480158,-0.335867632607427
0.265331021540984,-0.419730319106201,-0.800266004280114,-0.336168610704734
0.26135075143244,-0.4242382216993,-0.799092956630939,-0.336418291471387
0.257365426042283,-0.428729430743367,-0.797905636060921,-0.336615229651523
0.253375774331087,-0.433204313872869,-0.796703823657373,-0.336759351751858
0.24938255842634,-0.437662502840905,-0.795487285914794,-0.336851533032387
0.245386709972688,-0.442103571825897,-0.794256355149533,-0.336891289366057
0.241389400311976,-0.44652711733421,-0.793011196717104,-0.33687837119963
0.237391617447453,-0.450932216376293,-0.791752251680534,-0.336812755632915
0.233394417138668,-0.455318209769502,-0.790479859702656,-0.33669432650975
0.229398301497371,-0.459685346337321,-0.789193828557878,-0.336523411960603
0.22540352435938,-0.464034040781037,-0.787894091672728,-0.336299962397539
0.221410345877973,-0.468364080309341,-0.786581109610924,-0.336023524795536
0.217418801798075,-0.472674851564637,-0.785255752858155,-0.335693396010105
0.213429377644379,-0.476965663591443,-0.783918426113114,-0.335309799904556
0.209442168713468,-0.481235933735424,-0.782569353517563,-0.334873506237929
0.205457087695287,-0.485485130824243,-0.781209082113813,-0.334384579617273
0.201474357843212,-0.489712551966609,-0.779838138106587,-0.333843199917369
0.197493433370195,-0.493917852450832,-0.778457013295504,-0.333249578327777
0.193514111351669,-0.498100591440633,-0.777066124300065,-0.332604017080565
0.18953632637344,-0.502260275953025,-0.775665789244079,-0.331907040870481
0.185559444249476,-0.50639596364788,-0.774257015215505,-0.331158571139448
0.181583781477918,-0.510506114223305,-0.772841162754909,-0.330358107203424
0.177609824875045,-0.514589493008614,-0.7714191671413,-0.329505654820376
0.173637386156299,-0.518645656849414,-0.769991729476537,-0.328600945671749
0.169665825629065,-0.522674907101208,-0.768559095778123,-0.327643815134136
0.165694945680229,-0.526677139120704,-0.767121682784934,-0.326634052271727
0.161724909075542,-0.530651609875347,-0.765680375793714,-0.325571173546115
0.157755097028809,-0.534597846310469,-0.764235796036491,-0.324455273245323
0.153785377870287,-0.538515606220357,-0.762788468144497,-0.32328602888893
0.149815720685651,-0.542404455722755,-0.761339143024606,-0.322062835087639
0.145845752572315,-0.546263990552087,-0.759888581972084,-0.320785155937377
0.141875678319395,-0.550094520355495,-0.758436841282427,-0.319452613951416
0.137904963089135,-0.553896901315927,-0.756983508998666,-0.318065268727431
0.133932715679753,-0.557672233402849,-0.755528450658304,-0.316622128422155
0.129959081377207,-0.561421222018606,-0.75407115331794,-0.31512322759052
0.125983889240729,-0.565144027865174,-0.752611065631077,-0.313569729898074
0.122006464171583,-0.568840704070909,-0.751148088598271,-0.311962063857469
0.118026514580493,-0.572511698518981,-0.749681869099686,-0.310300332350256
0.114044821647412,-0.576157125032754,-0.748212283372316,-0.308584233457859
0.110061674434031,-0.579776430290719,-0.746739647178858,-0.306813823400948
0.106076842119429,-0.583369367257837,-0.745264112494589,-0.304989166590187
0.102091026061108,-0.586935452449793,-0.743786037378529,-0.303109933612664
0.0981045837204902,-0.590474004142362,-0.742305878120115,-0.301176075729841
0.09411811900542,-0.59398413974442,-0.74082444998486,-0.299186998230502
0.0901327995451325,-0.597464478654103,-0.739342689232868,-0.297142671572478
0.0861489230752513,-0.600913423899576,-0.737861576180526,-0.29504375713653
0.0821671614418643,-0.604329406913277,-0.736382391729351,-0.292890086670719
0.0781885910550935,-0.60771082796722,-0.734906416582288,-0.290681538569244
0.0742140903370665,-0.611055680240088,-0.733435337082877,-0.28841798653773
0.0702441622525369,-0.614362006680764,-0.731970768688581,-0.286099598742568
0.0662792950639315,-0.617628426222759,-0.730513886271523,-0.283726537938365
0.0623194777921964,-0.620853812131775,-0.729065713287102,-0.281298980724957
0.058364342000191,-0.624037365135693,-0.727626855661185,-0.278817563321591
0.0544145437283474,-0.627177386562796,-0.726199158910451,-0.276281503201688
0.0504704671199603,-0.630272140339687,-0.724784365748114,-0.2736904975077
0.0465318898714744,-0.63332088530153,-0.723382877035473,-0.271045673044866
0.0425984175376085,-0.636323474473322,-0.721994801299051,-0.268347576387823
0.0386696849894562,-0.639279559811614,-0.720620427107148,-0.265596694453046
0.0347453973759615,-0.642188948624982,-0.719259952226727,-0.262793335049662
0.030824855617759,-0.645052970067937,-0.71791219406774,-0.259937838511653
0.0269068612313154,-0.647872891885181,-0.716576085466839,-0.257030260309208
0.0229903397489169,-0.650647445075132,-0.715252447606031,-0.254071617634875
0.019038318903793,-0.653370825062045,-0.713945074700175,-0.251068998247511
0.0148104756919015,-0.655989591821094,-0.712702146380732,-0.248038424392388
0.010063862445938,-0.658504170812854,-0.711490978524909,-0.245072779743078
0.00632881646824816,-0.660218693326491,-0.710614274662742,-0.24312071057091
0.000361828143583074,-0.662579566834529,-0.709315227512569,-0.240560177317739
-0.00624291798479986,-0.664836633658638,-0.707949072035736,-0.238265591562885
-0.0134772564532889,-0.666985567998952,-0.706495564278277,-0.236266242813722
-0.0213289935832004,-0.669025430535055,-0.704930191939301,-0.234590230020599
-0.0297859262697862,-0.67095575604145,-0.703224837549872,-0.233270452656648
-0.0388415193230278,-0.672772058999026,-0.701354450236462,-0.232336248439588
-0.0484874951999394,-0.674471084992078,-0.699293238890233,-0.231809811181136
-0.0586772513362645,-0.676063730084272,-0.697004778534829,-0.231707263456189
-0.0691625650757963,-0.677618226606261,-0.694421919172586,-0.232028836428503
-0.0796995817159577,-0.679142269050184,-0.691569957360333,-0.232709804990841
-0.0902227756582014,-0.680599884169296,-0.688511442467952,-0.233676584643284
-0.100693688174683,-0.682013044815502,-0.685235166112091,-0.234906064601149
-0.111108254725343,-0.683388994409126,-0.681736341161822,-0.236387612598979
-0.121481468918086,-0.684723581443947,-0.678014791102296,-0.238119543442301
-0.131843762442772,-0.68599792523191,-0.674080033144693,-0.240102648874766
-0.142228947870653,-0.68718580924107,-0.66994727063798,-0.242335199111901
-0.152663306014468,-0.68826924908687,-0.665620794868166,-0.244821194743795
-0.163178238017159,-0.689229024430001,-0.661100753357507,-0.247570419536748
-0.173811257748948,-0.690031704300813,-0.656398500597107,-0.250591313400708
-0.184600116564592,-0.690641535112229,-0.65152387289814,-0.25389528192652
-0.195581210166301,-0.691028942146249,-0.646477483729863,-0.25749360880418
-0.206787807333301,-0.691166416069668,-0.641255595156985,-0.261396545337024
-0.218253567616731,-0.69102525587574,-0.635851868971801,-0.265614346163898
-0.230011263553992,-0.690576382197022,-0.630257082334638,-0.270155868630626
-0.242091631391539,-0.689794085140681,-0.624450300738441,-0.275039430302916
-0.254511325422378,-0.688661914502543,-0.618400763497157,-0.280282629947234
-0.267271030532599,-0.687168663001858,-0.612079462241193,-0.285890295266178
-0.280371661871548,-0.685293433103741,-0.605466968235849,-0.291862118710409
-0.293819450977623,-0.683005310766836,-0.598550173706353,-0.298195689851757
-0.307625283278281,-0.680269999777333,-0.591310610877108,-0.304893880151125
-0.321794358816846,-0.677051566102583,-0.583728651491032,-0.311960787758243
-0.336316396472975,-0.673320367906137,-0.575781172072462,-0.319399608189482
-0.35116749479732,-0.669057079537944,-0.567436128201799,-0.327214546632381
-0.366299473921864,-0.664253554432346,-0.558668249754035,-0.335396484394026
-0.381657100563579,-0.658893663818021,-0.549468280401214,-0.343934165795354
-0.397184576161231,-0.652957041460124,-0.539838607778953,-0.352810000165943
-0.412788864823904,-0.646443709955077,-0.529811503691834,-0.361973421249753
-0.428280545450923,-0.639408855560715,-0.519483738085539,-0.371319054024988
-0.443382179544585,-0.631990855092629,-0.50897706149996,-0.380724647228129
-0.457891043963618,-0.624328573001538,-0.498346405364651,-0.390140473740469
-0.471700157650263,-0.616521472987123,-0.487599554201933,-0.399569785593347
-0.484742526869333,-0.608647785082662,-0.476735976621095,-0.409028689888577
-0.496999258796403,-0.60075008034337,-0.465746764117463,-0.418545258766482
-0.508441506028787,-0.592873716057213,-0.454636008238766,-0.428139224980357
-0.518765154022243,-0.585285446952581,-0.443472373662576,-0.437795635604559
-0.527952049055432,-0.579667260809437,-0.431986064562617,-0.445701295562485
-0.535406889508086,-0.578736310775286,-0.419696578720295,-0.449741738408262
-0.539734810061012,-0.584323735446692,-0.40624992332545,-0.449691239628495
-0.541055131259928,-0.596182068642612,-0.390542715838858,-0.446443476007927
-0.541108059108374,-0.61203045626319,-0.370018862017385,-0.442397937296395
-0.540856754971012,-0.630155426840272,-0.342896506272008,-0.439100442735974
-0.540358290061679,-0.649765945637032,-0.309211252784042,-0.436136033368306
-0.540953437066177,-0.668967769756272,-0.269991661567974,-0.432394621654628
-0.544805752167927,-0.685354323682895,-0.226797388107043,-0.426671058732824
-0.552985805940615,-0.697508182549701,-0.180421475532997,-0.418504753938796
-0.563231831420681,-0.706879900661098,-0.130419442918798,-0.40754212447679
-0.572408647541381,-0.714189670025719,-0.0765275609408292,-0.395517499060759
-0.58047063262623,-0.716713872731546,-0.0188803549370063,-0.386041067360102
-0.588842320509516,-0.711129758851922,0.0429632780672218,-0.381736098094352
-0.598200306100569,-0.695423051817424,0.108384639298534,-0.383151467365906
