Timestamp,Ax,Ay,Az,Rx,Ry,Rz,Temp,Pressure
1885000,1.014796,0.041724,-0.022936,1.015,-0.07,0.0875,nan,nan
1885010,1.012356,0.041724,-0.021716,0.9975,-0.0525,0.105,nan,nan
1885020,1.014308,0.04148,-0.020496,0.945,-0.0875,0.07,nan,nan
1885030,1.014064,0.040016,-0.021228,0.9275,-0.1225,0.105,nan,nan
1885040,1.012112,0.042456,-0.020496,0.91,-0.07,0.0875,nan,nan
1885050,1.014308,0.041968,-0.02074,0.9275,-0.035,0.105,nan,nan
1885060,1.012844,0.040992,-0.01952,0.9275,-0.0525,0.035,nan,nan
1885070,1.0126,0.041968,-0.019032,0.945,-0.0875,0,nan,nan
1885080,1.013576,0.04148,-0.019276,0.98,-0.0175,0.035,nan,nan
1885090,1.013332,0.041724,-0.020252,0.945,-0.0525,0.07,nan,nan
1885100,1.013576,0.038552,-0.021228,0.945,-0.0525,0.07,nan,nan
1885110,1.01504,0.039284,-0.02074,0.84,-0.0175,0.0525,nan,nan
1885120,1.012356,0.042456,-0.019032,0.84,0,0,nan,nan
1885130,1.014796,0.043432,-0.018788,0.84,-0.0875,0.0525,nan,nan
1885140,1.014796,0.043188,-0.018056,0.8225,-0.07,0.035,nan,nan
1885150,1.014308,0.044164,-0.01708,0.84,-0.0875,0.035,nan,nan
1885160,1.01382,0.04392,-0.016836,0.8575,-0.0875,0.07,nan,nan
1885170,1.012844,0.04514,-0.018544,0.9275,-0.1225,0.07,nan,nan
1885180,1.013088,0.045384,-0.018788,1.015,-0.1225,0.07,nan,nan
1885190,1.014064,0.04392,-0.018544,1.085,0.0175,0.0175,nan,nan
1885200,1.013576,0.042944,-0.020252,1.1025,-0.0525,0.035,nan,nan
1885210,1.013332,0.043188,-0.021472,1.015,-0.0875,0.0175,nan,nan
1885220,1.012844,0.043676,-0.020984,0.9975,-0.0525,0.07,nan,nan
1885270,1.013332,0.044408,-0.017568,1.085,-0.1225,0.0875,nan,nan
1885280,1.013088,0.044652,-0.019276,1.085,-0.1225,0.105,nan,nan
1885290,1.01382,0.041968,-0.01952,1.155,-0.0875,0.1225,nan,nan
1885300,1.014552,0.040748,-0.020496,1.19,-0.0875,0.0875,nan,nan
1885310,1.01626,0.039772,-0.020496,1.1025,-0.0875,0.1225,nan,nan
1885320,1.014552,0.03904,-0.022448,0.98,-0.14,0.105,nan,nan
1885330,1.014064,0.039528,-0.020984,0.9625,-0.105,0.105,nan,nan
1885340,1.014308,0.040992,-0.02074,0.8925,-0.07,0.07,nan,nan
1885350,1.01382,0.04026,-0.019764,0.8925,-0.105,0.0525,nan,nan
1885360,1.014308,0.040016,-0.01952,0.8925,-0.07,0.07,nan,nan
1885370,1.014308,0.041724,-0.019032,1.015,-0.0875,0.0175,nan,nan
1885380,1.014796,0.040748,-0.01952,1.015,-0.035,0.0175,nan,nan
1885390,1.014064,0.040992,-0.01952,1.015,-0.0175,0.035,nan,nan
1885400,1.014064,0.042212,-0.020008,1.05,-0.0525,-0.0175,nan,nan
1885405,1.01382,0.043188,-0.019764,1.0325,-0.1225,0.035,nan,nan
1885415,1.013088,0.043432,-0.020252,1.0325,-0.0875,0,nan,nan
1885425,1.013332,0.04392,-0.020496,0.945,-0.0875,0,nan,nan
1885435,1.013576,0.041724,-0.021472,0.8225,-0.0525,-0.0175,nan,nan
1885445,1.012356,0.041968,-0.021228,0.84,-0.07,-0.0175,nan,nan
1885455,1.011868,0.044164,-0.020252,0.8575,-0.1225,0.0175,nan,nan
1885465,1.013088,0.04392,-0.018544,0.84,0.035,0.0525,nan,nan
1885471,1.014796,0.045872,-0.0183,0.91,-0.035,0.0175,nan,nan
1885480,1.014308,0.0427,-0.020496,0.875,-0.0175,0.07,nan,nan
1885490,1.01382,0.045384,-0.020496,0.9625,-0.035,0.07,nan,nan
1885500,1.013576,0.041724,-0.020008,0.98,-0.035,-0.0175,nan,nan
1885510,1.013576,0.04392,-0.020984,0.91,-0.0175,0.035,nan,nan
1885520,1.013088,0.042944,-0.020496,0.9625,0,0.0875,nan,nan
1885530,1.014064,0.044652,-0.018544,0.875,-0.035,0.07,nan,nan
1885540,1.015528,0.043432,-0.019276,0.8925,0,0.07,nan,nan
1885550,1.0126,0.0427,-0.0183,0.875,-0.0175,0.14,nan,nan
1885560,1.012844,0.043188,-0.020008,0.8575,-0.0525,0.1225,nan,nan
1885570,1.014796,0.043188,-0.019276,0.875,-0.035,0.07,nan,nan
1885580,1.013576,0.043432,-0.017568,0.98,-0.035,0.105,nan,nan
1885590,1.013332,0.0427,-0.018544,0.98,-0.0525,0.0875,nan,nan
1885600,1.011624,0.042456,-0.018056,1.015,-0.035,0.07,nan,nan
1885610,1.014796,0.042944,-0.019764,1.0325,0,0.0875,nan,nan
1885620,1.014552,0.03782,-0.020252,1.015,-0.07,0.105,nan,nan
1885630,1.01504,0.040016,-0.01952,0.9275,-0.0175,0.0875,nan,nan
1885640,1.013576,0.04026,-0.018788,0.8575,-0.07,0.105,nan,nan
1885650,1.013332,0.041724,-0.0183,0.805,-0.105,0.105,nan,nan
1885660,1.014796,0.042944,-0.017812,0.9275,-0.14,0.0875,nan,nan
1885670,1.014552,0.0427,-0.0183,0.9625,-0.105,0.07,nan,nan
1885680,1.014308,0.042212,-0.01708,1.015,-0.1225,0,nan,nan
1885690,1.014064,0.040992,-0.018056,1.05,-0.105,0.0525,nan,nan
1885700,1.012844,0.04148,-0.018544,1.085,-0.07,0,nan,nan
1885710,1.01382,0.042944,-0.019276,0.9975,-0.07,0.0175,nan,nan
1885720,1.014064,0.040748,-0.020984,0.9975,-0.07,0,nan,nan
1885730,1.012112,0.041968,-0.02074,0.945,-0.0875,0.0175,nan,nan
1885740,1.01382,0.043188,-0.019764,0.945,-0.105,0.0525,nan,nan
1885750,1.012844,0.044164,-0.019764,0.8925,-0.14,0.035,nan,nan
1885760,1.014796,0.043676,-0.0183,0.8575,-0.14,0.07,nan,nan
1885770,1.013576,0.044896,-0.016836,0.9275,-0.14,0.0525,nan,nan
1885780,1.014064,0.047092,-0.014884,0.9975,-0.0875,0.1225,nan,nan
1885790,1.014552,0.043676,-0.016104,1.1725,-0.1225,0.105,nan,nan
1885800,1.015772,0.044652,-0.019764,1.1725,-0.07,0.14,nan,nan
1885810,1.015284,0.044896,-0.01952,1.295,-0.105,0.035,nan,nan
1885820,1.01382,0.04148,-0.020496,1.155,-0.0875,0.1575,nan,nan
1885830,1.014064,0.041968,-0.022448,1.2075,-0.105,0.0875,nan,nan
1885840,1.012844,0.043676,-0.020252,1.155,-0.0875,0.105,nan,nan
1885850,1.013088,0.040016,-0.02318,1.0325,-0.1225,0.07,nan,nan
1885860,1.013332,0.041724,-0.02318,1.1025,-0.1225,0.14,nan,nan
1885870,1.020408,0.044164,-0.021228,1.2075,-0.07,0.105,nan,nan
1885880,1.311988,0.02806,-0.006344,2.135,-0.0875,-0.5075,nan,nan
1885890,2.222596,0.346968,-0.009028,2.9575,0.3675,0.2275,nan,nan
1885900,3.685376,0.576328,-0.165676,45.412498,5.32,3.6225,nan,nan
1885910,4.112132,0.876936,-0.100528,78.802498,4.4625,2.2575,nan,nan
1885920,5.062268,-0.145424,0.322568,125.754997,9.0825,5.355,nan,nan
1885930,5.3985,0.082472,0.50142,115.447502,6.5625,-0.49,nan,nan
1885940,5.628104,-0.087108,0.4514,120.767502,6.58,3.955,nan,nan
1885950,5.759132,0.019276,0.539728,104.790001,3.0275,3.4125,nan,nan
1885960,5.721556,0.074176,0.128344,96.529999,-3.43,5.005,nan,nan
1885970,6.20736,0.469212,-0.009516,86.415001,-2.625,10.5525,nan,nan
1885980,6.258356,0.121024,0.089548,77.839996,-0.6825,12.005,nan,nan
1885990,6.1183,-0.19886,-0.005124,74.654999,-4.1475,9.835,nan,nan
1886000,6.0146,-0.115168,0.206668,79.887497,-3.745,12.88,nan,nan
1886010,6.323748,-0.58682,0.108092,75.074997,-3.5525,3.6225,nan,nan
1886020,5.862344,-0.4575,-0.034892,80.290001,-2.52,8.54,nan,nan
1886030,6.18418,-0.850096,0.25132,57.627499,0.98,8.505,nan,nan
1886040,6.354492,-0.288652,0.284504,41.352501,2.5725,6.65,nan,nan
1886050,6.488448,0.17934,0.0671,18.7425,2.415,5.3025,nan,nan
1886060,6.657784,0.062708,0.054168,12.635,0.21,4.095,nan,nan
1886070,6.790764,-0.220576,0.27328,6.2825,-2.485,5.1975,nan,nan
1886080,6.74538,-0.966484,0.000488,-1.5925,-2.555,-1.05,nan,nan
1886090,7.098448,-0.056364,0.489708,-13.4225,-1.7325,-0.525,nan,nan
1886100,7.0211,-0.324764,0.246196,-14.035,-2.555,-0.42,nan,nan
1886110,7.177504,-0.247416,0.187148,-20.1075,-0.8575,-0.875,nan,nan
1886120,7.434924,-0.167384,0.2379,-29.7675,0.49,-0.1925,nan,nan
1886130,7.473964,-0.13176,0.38674,-20.58,1.7325,0.07,nan,nan
1886140,7.36392,-0.238632,0.314028,-19.495001,3.5525,3.045,nan,nan
1886150,7.21508,-0.69052,0.594872,-16.344999,2.38,0.8925,nan,nan
1886160,7.26754,-0.374784,0.471896,-28.0875,2.38,0.105,nan,nan
1886170,7.288524,0.052216,0.41358,-37.59,-2.6425,-3.7975,nan,nan
1886180,7.282424,0.11346,0.246928,-44.555,-1.365,1.26,nan,nan
1886190,7.50422,-0.485316,0.308416,-29.049999,-2.5725,-5.04,nan,nan
1886200,7.630856,-0.077348,0.331352,-34.299999,3.3775,-1.1375,nan,nan
1886210,7.83728,0.082472,0.287188,-30.502501,8.225,4.27,nan,nan
1886220,7.89584,-0.02074,0.227408,-24.815001,16.344999,7.0525,nan,nan
1886230,7.692344,-0.016592,0.235704,-20.9825,21.192499,9.94,nan,nan
1886240,7.816296,-0.071248,0.198128,-16.555,26.004999,12.565,nan,nan
1886250,7.897548,-0.006344,0.208132,-12.7575,30.747499,14.7175,nan,nan
1886257,7.92634,-0.016348,0.19764,-11.2,32.970001,15.785,nan,nan
1886267,7.84216,-0.000488,0.18788,-6.755,37.52,17.605,nan,nan
1886277,7.931952,-0.020984,0.171776,-1.9425,42.174999,19.67,nan,nan
1886287,7.88974,-0.01098,0.15982,5.04,48.737499,21.9625,nan,nan
1886297,7.867048,0.010492,0.152988,9.6775,52.8325,23.047501,nan,nan
1886307,7.980996,0.0061,0.142008,14.2275,56.490002,24.727501,nan,nan
1886317,7.956108,0.000976,0.140056,18.147499,59.709999,26.040001,nan,nan
1886327,7.946104,0.050264,0.137616,21.77,62.334999,27.264999,nan,nan
1886337,7.991244,0.038796,0.131272,26.3375,64.925003,28.280001,nan,nan
1886347,7.987584,0.026352,0.114924,29.907499,66.9375,29.2775,nan,nan
1886357,7.960988,0.051484,0.101504,33.827499,68.302498,29.872499,nan,nan
1886367,7.97026,0.081496,0.100528,40.6175,69.422501,30.432501,nan,nan
1886377,7.799704,0.041968,0.078568,46.7075,70.402496,30.2225,nan,nan
1886387,7.832156,0.047824,0.055632,52.237499,70.525002,28.174999,nan,nan
1886397,7.93,0.061488,0.033184,55.615002,70.157501,26.705,nan,nan
1886407,7.860216,0.028304,0.02074,60.672501,69.195,25.672501,nan,nan
1886417,7.932928,0.02806,-0.004392,62.720001,67.357498,24.325001,nan,nan
1886427,7.94952,0.027328,-0.044896,63.035,65.747498,23.467501,nan,nan
1886437,7.924144,0.002196,-0.081008,64.067497,64.224998,21.98,nan,nan
1886447,7.891448,-0.000976,-0.086376,65.712502,61.6875,21.280001,nan,nan
1886457,7.953668,0.028792,-0.104432,66.342499,58.974998,20.9475,nan,nan
1886467,7.849724,0.027328,-0.11956,68.915001,54.775002,20.4925,nan,nan
1886477,7.824592,0.056608,-0.133468,71.260002,49.630001,20.055,nan,nan
1886487,7.98734,0.04148,-0.172996,79.940002,42.105,20.334999,nan,nan
1886497,7.992952,0.062464,-0.200324,82.967499,36.715,20.5975,nan,nan
1886507,7.924144,0.064416,-0.19642,88.059998,31.1675,20.754999,nan,nan
1886517,7.95806,0.08662,-0.22936,92.68,25.620001,21.385,nan,nan
1886527,7.97392,0.068808,-0.234972,99.347504,19.389999,20.790001,nan,nan
1886537,7.8141,0.04026,-0.229116,106.837502,13.1075,20.23,nan,nan
1886547,7.821664,0.01098,-0.213744,114.1175,6.3875,20.440001,nan,nan
1886557,7.920484,0.028304,-0.19764,118.5625,-0.3325,20.772499,nan,nan
1886567,7.75676,0.033184,-0.259128,125.964996,-6.1775,21.8925,nan,nan
1886577,7.80678,0.038064,-0.2013,131.354996,-11.69,23.2925,nan,nan
1886587,7.955864,0.01098,-0.175436,139.457504,-20.09,24.9375,nan,nan
1886597,7.8995,0.02684,-0.158112,146.142502,-24.762501,27.702499,nan,nan
1886607,7.75554,0.034892,-0.169336,147.210007,-28.752501,30.2925,nan,nan
1886617,7.819468,0.101016,-0.134932,148.242493,-31.92,33.5825,nan,nan
1886627,7.583276,0.104432,-0.125172,148.154999,-34.825001,34.650002,nan,nan
1886637,7.6067,0.13664,-0.0915,153.544998,-38.43,34.6325,nan,nan
1886647,7.399788,0.094672,-0.058804,160.597504,-40.477501,34.282501,nan,nan
1886657,7.49812,0.167384,-0.081252,166.985001,-42.3675,34.544998,nan,nan
1886667,7.339764,0.168604,-0.044896,173.669998,-43.2075,34.4575,nan,nan
1886677,7.562536,0.1525,-0.010248,179.934998,-43.575001,33.950001,nan,nan
1886687,7.38466,0.142008,0.017812,188.527496,-43.084999,32.830002,nan,nan
1886697,7.479576,0.154452,0.047336,193.759995,-42.4025,32.130001,nan,nan
1886707,7.422724,0.18544,0.0549,198.502502,-40.985001,30.764999,nan,nan
1886717,7.313168,0.179096,0.088084,203.664993,-38.9375,29.487499,nan,nan
1886727,7.192876,0.187148,0.122,207.987503,-36.505001,28.0525,nan,nan
1886737,7.133584,0.184952,0.13542,211.610001,-33.950001,25.0425,nan,nan
1886747,7.12114,0.21594,0.127612,214.375,-30.52,22.4175,nan,nan
1886757,7.269492,0.1647,0.171288,217.630005,-27.405001,19.897499,nan,nan
1886767,7.069656,0.20862,0.129808,219.887497,-23.275,16.870001,nan,nan
1886777,6.556768,0.14518,0.199348,221.882507,-19.565001,12.915,nan,nan
1886787,6.747576,0.173728,0.149572,226.502502,-13.965,8.1725,nan,nan
1886797,6.654856,0.158112,0.162748,229.477493,-10.745,4.5675,nan,nan
1886807,6.599224,0.178608,0.1647,231.402496,-7.7875,1.8025,nan,nan
1886817,6.479664,0.139324,0.167628,233.817505,-4.865,-1.9075,nan,nan
1886827,6.451848,0.18544,0.170312,236.022507,-2.485,-5.04,nan,nan
1886837,6.43428,0.093696,0.151524,238.087494,-0.4725,-7.4025,nan,nan
1886847,6.482592,0.142496,0.12932,240.502502,1.225,-10.01,nan,nan
1886857,6.410856,0.1159,0.077592,242.147507,2.5725,-11.4975,nan,nan
1886867,6.316916,0.106628,0.10614,243.529999,3.5175,-12.5475,nan,nan
1886877,6.453312,0.061976,0.10858,244.807495,3.5875,-12.915,nan,nan
1886887,6.183936,0.072224,0.094672,246.75,3.7625,-12.3375,nan,nan
1886897,5.995812,0.035136,0.095404,249.672501,3.5875,-11.69,nan,nan
1886907,5.938228,0.042456,0.080032,250.547501,3.2025,-10.5525,nan,nan
1886917,5.949452,0.010248,0.068564,252.175003,2.73,-8.5575,nan,nan
1886927,5.93042,-0.01708,0.058316,253.487503,2.6425,-6.86,nan,nan
1886937,5.888696,0.001952,0.051972,255.517502,2.24,-3.885,nan,nan
1886947,5.856488,-0.07564,0.071736,257.582489,2.2925,-1.4875,nan,nan
1886957,5.887964,-0.01464,0.076372,258.5625,1.9775,1.3475,nan,nan
1886967,5.744248,0.017324,0.05978,259.630005,1.435,5.005,nan,nan
1886977,5.927736,-0.05978,0.120292,260.767487,1.4175,8.33,nan,nan
1886987,5.750104,-0.013908,0.08052,261.100006,0.6475,11.4625,nan,nan
1886997,5.47902,-0.022692,0.035136,262.797485,0.2625,15.33,nan,nan
1887007,5.41314,0.041724,0.064904,265.649994,0.7175,17.5525,nan,nan
1887017,5.343112,0.017812,0.076128,268.782501,0.805,19.355,nan,nan
1887027,5.258932,0.03294,0.082472,270.602509,1.015,20.5975,nan,nan
1887037,5.262836,0.045384,0.082716,272.317505,1.33,21.192499,nan,nan
1887047,5.19232,0.025864,0.050996,274.609985,1.1025,21.91,nan,nan
1887057,5.224772,0.033916,0.043432,276.692505,1.2775,22.225,nan,nan
1887067,5.323592,0.082472,0.04514,278.967499,1.2425,22.452499,nan,nan
1887077,5.270644,0.092964,0.02806,280.38501,0.9275,23.205,nan,nan
1887087,5.164748,0.053436,0.031964,282.13501,-0.14,22.3125,nan,nan
1887097,5.084228,0.124196,0.00244,286.142487,-2.03,21.035,nan,nan
1887107,5.01298,0.08052,-0.003904,287.665009,-4.1475,19.32,nan,nan
1887117,4.830468,0.105408,0.016592,289.57251,-5.8275,17.745001,nan,nan
1887127,4.99346,0.09516,-0.004392,291.970001,-7.91,16.24,nan,nan
1887137,4.88366,0.120048,-0.005612,293.387512,-8.925,15.54,nan,nan
1887147,4.776788,0.16226,-0.001952,295.470001,-10.5,14.805,nan,nan
1887157,4.721888,0.116388,0.013176,297.167511,-12.8275,13.09,nan,nan
1887167,4.710664,0.116388,0.048312,298.725006,-14.7875,12.075,nan,nan
1887177,4.642344,0.13298,0.02684,299.652496,-15.9425,11.13,nan,nan
1887187,4.641124,0.138104,0.080764,300.825012,-17.1325,9.3625,nan,nan
1887197,4.581588,0.107116,0.0671,302.592499,-18.7775,7.56,nan,nan
1887207,4.554992,0.153964,0.079544,304.307495,-18.7425,6.0025,nan,nan
1887217,4.50302,0.101504,0.113704,306.792511,-18.637501,4.3925,nan,nan
1887227,4.422012,0.137128,0.125416,308.48999,-18.445,3.7275,nan,nan
1887237,4.388096,0.109556,0.139324,311.045013,-17.5875,3.85,nan,nan
1887247,4.362476,0.022936,0.14274,312.847504,-17.237499,3.5,nan,nan
1887257,4.302208,0.100772,0.152988,313.179993,-15.925,4.0425,nan,nan
1887267,4.317336,0.12566,0.16348,313.179993,-14.4375,4.48,nan,nan
1887277,4.286104,0.110044,0.15494,314.247498,-12.74,5.0225,nan,nan
1887287,4.16752,0.057096,0.134444,316.295013,-10.465,5.53,nan,nan
1887297,4.105544,0.073444,0.156892,317.712494,-8.2775,6.51,nan,nan
1887307,4.092612,0.05734,0.15494,319.480011,-6.615,7.4375,nan,nan
1887317,4.074556,0.053192,0.15128,320.040009,-4.97,7.9275,nan,nan
1887327,4.020388,0.08784,0.133956,319.917511,-3.8325,9.0475,nan,nan
1887337,3.976956,0.006832,0.125904,322.367493,-2.3975,9.5375,nan,nan
1887347,3.909368,0.106384,0.156404,324.292511,-2.73,10.99,nan,nan
1887357,3.86008,0.07076,0.14884,325.202515,-1.855,12.46,nan,nan
1887367,3.804936,0.029768,0.132248,326.252502,-1.1725,12.8975,nan,nan
1887377,3.744912,0.048068,0.099064,326.375,-0.105,12.18,nan,nan
1887387,3.648532,0.147132,0.0854,327.670013,-0.49,12.4775,nan,nan
1887397,3.6417,0.093208,0.04514,330.434998,-2.1525,11.7075,nan,nan
1887407,3.590704,0.11224,0.080276,331.450012,-2.6425,11.6375,nan,nan
1887417,3.554592,0.086376,0.044896,332.605011,-4.2875,10.955,nan,nan
1887427,3.54532,0.079788,0.0793,332.464996,-5.9675,10.57,nan,nan
1887437,3.48066,0.059536,0.102724,334.774994,-8.2775,10.955,nan,nan
1887447,3.43552,0.07198,0.092232,334.932495,-9.38,11.9875,nan,nan
1887457,3.397456,0.077348,0.127612,337.015015,-9.59,12.5475,nan,nan
1887467,3.350852,0.09516,0.122,336.682495,-9.2575,12.8975,nan,nan
1887477,3.327428,0.075396,0.115656,337.522491,-9.065,13.2475,nan,nan
1887487,3.277408,0.110532,0.099308,339.079987,-9.345,13.3875,nan,nan
1887497,3.224948,0.103212,0.120292,339.797485,-9.0475,13.195,nan,nan
1887507,3.16712,0.081008,0.088328,341.63501,-8.645,12.5825,nan,nan
1887517,3.153944,0.093696,0.081984,342.404999,-7.91,12.075,nan,nan
1887527,3.069276,0.083692,0.077592,343.174988,-7.8575,12.04,nan,nan
1887537,3.03902,0.103944,0.093208,343.38501,-7.7875,10.955,nan,nan
1887547,3.029016,0.114924,0.098088,345.100006,-8.1375,10.3775,nan,nan
1887557,2.937028,0.097356,0.145912,346.255005,-8.9075,10.22,nan,nan
1887567,2.879444,0.128832,0.127612,346.55249,-9.38,8.96,nan,nan
1887577,2.870416,0.110776,0.117852,348.232513,-9.1875,9.555,nan,nan
1887587,2.859924,0.075396,0.133956,348.30249,-8.89,8.5925,nan,nan
1887597,2.800632,0.05856,0.141276,348.827515,-9.135,7.665,nan,nan
1887607,2.724748,0.030256,0.156892,349.334991,-8.435,7.8225,nan,nan
1887617,2.655452,0.101504,0.168848,350.05249,-7.735,7.665,nan,nan
1887627,2.590548,0.13542,0.162748,351.837494,-7.0525,9.2925,nan,nan
1887637,2.570052,0.069052,0.138592,353.674988,-5.95,7.84,nan,nan
1887647,2.556144,0.098332,0.129076,354.392487,-5.075,8.5225,nan,nan
1887657,2.489532,0.077836,0.155428,354.970001,-5.145,7.35,nan,nan
1887667,2.415844,0.097112,0.144448,355.057495,-6.2825,7.21,nan,nan
1887677,2.40096,0.099552,0.147132,353.98999,-6.51,8.26,nan,nan
1887687,2.299456,0.061976,0.114192,354.059998,-6.79,8.12,nan,nan
1887697,2.30824,0.057096,0.106628,354.42749,-6.1425,8.19,nan,nan
1887707,2.231136,0.02196,0.13054,355.179993,-5.9325,8.8725,nan,nan
1887717,2.1655,0.051728,0.140544,355.005005,-6.5975,8.5225,nan,nan
1887727,2.12646,0.10248,0.148352,356.07251,-7.875,9.59,nan,nan
1887737,2.089616,0.018788,0.1403,356.807495,-7.8575,10.465,nan,nan
1887747,2.055456,0.106872,0.160796,356.545013,-7.4375,11.3925,nan,nan
1887757,2.002752,0.16714,0.15738,357.087494,-6.8425,12.1975,nan,nan
1887767,1.938092,0.146156,0.16104,361.795013,-5.6525,11.095,nan,nan
1887777,1.897344,0.076128,0.185684,364.297485,-5.3025,8.96,nan,nan
1887787,1.832196,0.073688,0.203252,363.404999,-5.565,8.3475,nan,nan
1887797,1.790716,0.126636,0.144204,361.970001,-4.865,7.98,nan,nan
1887807,1.750944,0.116632,0.16592,359.834991,-3.815,6.3525,nan,nan
1887817,1.68482,0.052948,0.145424,360.325012,-3.64,5.075,nan,nan
1887827,1.639924,0.084668,0.145668,360.202515,-4.725,3.7275,nan,nan
1887837,1.652124,0.068076,0.155428,361.077515,-4.1825,4.34,nan,nan
1887847,1.584536,0.008052,0.129076,359.152496,-4.5325,3.255,nan,nan
1887857,1.557208,0.003416,0.184708,357.332489,-5.88,3.7625,nan,nan
1887867,1.443992,0.073444,0.161528,356.964996,-5.4075,5.74,nan,nan
1887877,1.454972,0.104188,0.151768,356.737488,-4.2525,7.665,nan,nan
1887887,1.402024,0.064416,0.171532,357.087494,-3.5175,9.94,nan,nan
1887897,1.362984,0.123464,0.176168,355.442505,-2.66,10.045,nan,nan
1887907,1.294664,0.10004,0.151768,356.404999,-2.415,7.1575,nan,nan
1887917,1.27734,0.1037,0.167384,357.630005,-3.4825,6.055,nan,nan
1887927,1.246108,0.072956,0.124684,358.785004,-3.6225,5.3725,nan,nan
1887937,1.187548,0.10004,0.162504,357.542511,-4.7775,4.7425,nan,nan
1887947,1.134112,0.161772,0.177388,358.592499,-5.3025,6.0725,nan,nan
1887957,1.148996,0.058072,0.144204,358.470001,-5.3025,4.795,nan,nan
1887967,1.06262,0.034892,0.148596,357.717499,-5.1275,3.9725,nan,nan
1887977,0.998448,0.040992,0.180804,356.492493,-5.355,4.0425,nan,nan
1887987,0.86376,0.082472,0.180804,356.51001,-6.0025,5.8625,nan,nan
1887997,0.759816,0.039284,0.147376,359.625,-5.7575,7.2975,nan,nan
1888007,0.632692,0.050508,0.191052,358.3125,-4.515,8.505,nan,nan
1888017,0.45506,0.060512,0.158112,356.720001,-4.7425,10.045,nan,nan
1888027,0.39284,0.083936,0.131028,356.825012,-4.6025,10.255,nan,nan
1888037,0.312076,0.152744,0.136152,355.565002,-4.4625,10.7275,nan,nan
1888047,0.264008,0.074664,0.147864,357.647491,-4.13,9.7475,nan,nan
1888057,0.183732,0.116632,0.138836,357.717499,-4.2875,8.8725,nan,nan
1888067,0.08174,0.114436,0.114924,356.17749,-4.34,8.435,nan,nan
1888077,0.002928,0.128832,0.132004,355.477509,-5.3375,7.9975,nan,nan
1888087,-0.039528,0.144936,0.131028,355.950012,-6.2475,7.175,nan,nan
1888097,-0.059048,0.152744,0.163236,357.48999,-6.86,6.9475,nan,nan
1888107,-0.107848,0.161772,0.1891,358.119995,-8.0675,5.6875,nan,nan
1888117,-0.194468,0.125172,0.178852,360.832489,-8.0675,3.64,nan,nan
1888127,-0.2013,0.13908,0.130296,362.005005,-6.7375,2.7825,nan,nan
1888137,-0.25986,0.104432,0.145912,365.575012,-7.175,1.0325,nan,nan
1888147,-0.247904,0.104676,0.0915,365.767487,-6.72,0.735,nan,nan
1888157,-0.318664,0.131028,0.100284,365.714996,-7,-0.525,nan,nan
1888167,-0.321104,0.109068,0.093452,367.290009,-8.2425,-0.91,nan,nan
1888177,-0.314028,0.08418,0.085644,367.149994,-9.975,-1.0325,nan,nan
1888187,-0.329644,0.044652,0.085888,367.98999,-12.4075,0.21,nan,nan
1888197,-0.367952,0.036356,0.131028,367.850006,-13.7025,0.5075,nan,nan
1888207,-0.40382,0.019276,0.132492,368.654999,-14.56,2.4325,nan,nan
1888217,-0.426512,0.02196,0.186904,368.182495,-14.2625,6.16,nan,nan
1888227,-0.46726,0.082716,0.154208,367.184998,-13.3175,7.7875,nan,nan
1888237,-0.47458,0.07442,0.171776,368.147491,-13.3175,9.9575,nan,nan
1888247,-0.432856,0.027328,0.169824,367.377502,-15.855,11.0425,nan,nan
1888257,-0.481412,0.08784,0.152744,366.940002,-17.92,13.405,nan,nan
1888267,-0.431148,0.071492,0.209352,366.904999,-19.6525,13.265,nan,nan
1888277,-0.522648,0.103944,0.217892,366.1875,-20.02,13.475,nan,nan
1888287,-0.520452,0.188612,0.231312,364.700012,-21.629999,13.2825,nan,nan
1888297,-0.647576,0.284748,0.357704,363.142487,-18.182501,5.145,nan,nan
1888307,-0.638304,-0.053436,0.277916,363.317505,-5.95,-2.9925,nan,nan
1888317,-0.570472,0.054656,0.135176,362.792511,-5.005,-0.525,nan,nan
1888327,-0.557296,0.110044,0.177144,360.44751,-6.2475,-0.5075,nan,nan
1888337,-0.602192,0.07564,0.172752,358.015015,-7.6475,-0.4025,nan,nan
1888347,-0.602924,0.043676,0.160064,356.737488,-8.0675,-0.35,nan,nan
1888357,-0.676856,0.03904,0.17568,354.375,-9.5725,0.8575,nan,nan
1888367,-0.678808,0.035624,0.172996,351.69751,-10.6925,1.8375,nan,nan
1888377,-0.70516,0.102236,0.203008,348.880005,-11.4625,2.905,nan,nan
1888387,-0.699304,0.117364,0.202764,348.565002,-11.4275,3.64,nan,nan
1888397,-0.71492,0.107116,0.233996,348.845001,-10.8325,3.7625,nan,nan
1888407,-0.725168,0.10248,0.21838,348.337494,-10.15,3.885,nan,nan
1888417,-0.723216,0.093452,0.223992,347.410004,-8.05,4.025,nan,nan
1888427,-0.701988,0.111264,0.207156,346.307495,-6.755,4.1125,nan,nan
1888437,-0.74054,0.099552,0.205692,344.102509,-5.5475,3.5175,nan,nan
1888447,-0.6954,0.106628,0.190808,342.475006,-4.8125,2.9575,nan,nan
1888457,-0.702964,0.060512,0.194468,342.002502,-4.76,2.345,nan,nan
1888467,-0.740296,0.085156,0.177876,341.547485,-4.655,1.7675,nan,nan
1888477,-0.691008,0.059536,0.161528,339.815002,-4.2175,2.0825,nan,nan
1888485,-0.685884,0.0549,0.145668,338.607513,-4.095,2.0125,nan,nan
1888495,-0.63074,0.012932,0.116632,337.470001,-3.955,2.31,nan,nan
1888505,-0.366,-0.082228,0.044652,338.082489,-6.0375,5.355,nan,nan
1888515,-0.413336,0.243756,0.351848,338.607513,-0.945,4.97,nan,nan
1888525,-0.414312,0.120292,0.123952,339.482513,4.69,-0.175,nan,nan
1888535,-0.619028,-0.120536,0.061732,336.945007,1.225,8.925,nan,nan
1888545,-0.68198,0.106628,-0.000976,334.494995,-2.8,21.3325,nan,nan
1888555,-0.670268,0.416996,0.028304,333.497498,-11.2,5.0925,nan,nan
1888565,-0.709308,0.10614,0.12444,331.887512,-11.55,5.74,nan,nan
1888575,-0.719556,0.083936,0.106628,330.277496,-11.6375,5.6175,nan,nan
1888585,-0.73078,0.08174,0.112484,329.804993,-11.8125,5.495,nan,nan
1888595,-0.72468,0.123708,0.113704,328.982513,-12.215,5.39,nan,nan
1888605,-0.705404,0.099308,0.111996,329.122498,-12.565,5.67,nan,nan
1888615,-0.693692,0.093208,0.119804,328.019989,-12.985,5.67,nan,nan
1888625,-0.701012,0.089548,0.116144,327.512512,-13.44,5.565,nan,nan
1888635,-0.679052,0.084668,0.12566,327.30249,-13.9475,5.145,nan,nan
1888645,-0.680272,0.077836,0.12566,326.445007,-14.1575,4.9875,nan,nan
1888655,-0.686372,0.101748,0.1342,325.535004,-13.8775,5.3375,nan,nan
1888665,-0.682468,0.092232,0.13786,324.887512,-13.44,5.53,nan,nan
1888675,-0.689544,0.106384,0.15006,324.309998,-13.1775,5.2675,nan,nan
1888685,-0.68198,0.092964,0.143472,323.767487,-12.495,5.18,nan,nan
1888695,-0.681004,0.087352,0.140544,323.26001,-12.0225,4.9175,nan,nan
1888705,-0.665388,0.099064,0.147864,322.174988,-11.725,4.34,nan,nan
1888715,-0.682224,0.0854,0.142496,320.407501,-11.1125,3.815,nan,nan
1888725,-0.677588,0.104676,0.153232,319.147491,-10.675,3.6225,nan,nan
1888735,-0.684908,0.112728,0.15494,318.184998,-10.4475,3.3425,nan,nan
1888745,-0.682224,0.099552,0.1464,317.975006,-10.1325,3.08,nan,nan
1888755,-0.674904,0.109556,0.151524,317.502502,-9.5725,2.5025,nan,nan
1888765,-0.677832,0.102236,0.14884,316.242493,-8.9775,1.9075,nan,nan
1888775,-0.681492,0.11956,0.1586,315.734985,-8.715,1.7675,nan,nan
1888785,-0.676612,0.095404,0.15616,315.630005,-8.925,1.3125,nan,nan
1888795,-0.67344,0.092964,0.162016,315.315002,-8.2775,0.5425,nan,nan
1888805,-0.670024,0.08906,0.142496,314.247498,-7.42,0.2975,nan,nan
1888815,-0.665876,0.088328,0.136396,313.075012,-7.0525,-0.105,nan,nan
1888825,-0.661972,0.080764,0.144448,311.779999,-6.8075,-0.385,nan,nan
1888835,-0.672952,0.0793,0.137128,310.362488,-7.28,-0.245,nan,nan
1888845,-0.661972,0.061,0.137616,310.607513,-7.1925,0.0875,nan,nan
1888855,-0.669048,0.055876,0.139568,310.642487,-7.385,0.3675,nan,nan
1888865,-0.66368,0.040504,0.129808,309.714996,-7.2625,1.6625,nan,nan
1888875,-0.670268,0.057584,0.132004,309.154999,-6.6325,2.8525,nan,nan
1888885,-0.690276,0.079544,0.134688,308.82251,-7.1575,3.9375,nan,nan
1888895,-0.690276,0.089792,0.132492,308.035004,-7.1575,4.9175,nan,nan
1888905,-0.68686,0.10492,0.13298,307.160004,-6.1425,4.865,nan,nan
1888915,-0.682468,0.100528,0.132248,306.617493,-5.2675,4.795,nan,nan
1888925,-0.676856,0.095648,0.133712,306.179993,-4.9,4.34,nan,nan
1888935,-0.65636,0.123708,0.139568,305.269989,-5.7575,2.7825,nan,nan
1888945,-0.66246,0.132248,0.133712,305.095001,-6.0725,2.8525,nan,nan
1888955,-0.652212,0.11224,0.109068,304.290009,-5.74,2.45,nan,nan
1888965,-0.655628,0.10248,0.126392,302.452515,-6.79,1.575,nan,nan
1888975,-0.660752,0.071004,0.111752,301.315002,-6.5625,-0.28,nan,nan
1888985,-0.669048,0.070272,0.12566,299.880005,-6.825,-1.4525,nan,nan
1888995,-0.681248,0.067344,0.149328,299.040009,-7.385,-1.8725,nan,nan
1889005,-0.653676,0.066124,0.124928,298.445007,-7.91,-1.75,nan,nan
1889015,-0.648552,0.081008,0.108092,298.952515,-8.0325,-1.12,nan,nan
1889025,-0.636352,0.07686,0.096136,298.130005,-8.68,0.07,nan,nan
1889035,-0.64538,0.074176,0.108092,297.359985,-9.6425,1.1025,nan,nan
1889045,-0.642208,0.086864,0.11834,296.100006,-10.815,2.1875,nan,nan
1889055,-0.644892,0.082228,0.126636,295.890015,-11.83,3.01,nan,nan
1889065,-0.626348,0.073444,0.126148,294.420013,-12.215,4.5325,nan,nan
1889075,-0.633668,0.077592,0.115168,294.38501,-12.18,4.3575,nan,nan
1889085,-0.636352,0.085156,0.105164,292.880005,-11.1825,3.6925,nan,nan
1889095,-0.61366,0.106384,0.12688,291.795013,-10.5525,3.1675,nan,nan
1889105,-0.613416,0.112484,0.121756,290.570007,-10.955,2.1525,nan,nan
1889115,-0.616344,0.105408,0.1159,290.237488,-11.06,0.84,nan,nan
1889125,-0.62098,0.096136,0.108336,289.362488,-10.9375,-0.4025,nan,nan
1889135,-0.601216,0.103456,0.11956,287.875,-11.2525,-0.9625,nan,nan
1889145,-0.62708,0.073932,0.122732,288.119995,-11.3575,-1.3125,nan,nan
1889155,-0.625128,0.04026,0.13054,286.387512,-10.955,-0.945,nan,nan
1889165,-0.609756,0.068076,0.140788,285.320007,-10.4825,-0.7,nan,nan
1889175,-0.617564,0.08662,0.148596,285.6875,-10.0625,0.2625,nan,nan
1889185,-0.607316,0.088328,0.143228,285.459991,-9.45,0.735,nan,nan
1889195,-0.60024,0.092476,0.1403,285.600006,-8.1025,1.7325,nan,nan
1889205,-0.599508,0.0793,0.146156,285.932495,-7.4375,1.4175,nan,nan
1889215,-0.589504,0.061244,0.141276,286.142487,-7.1925,0.1925,nan,nan
1889225,-0.592188,0.074908,0.127612,285.144989,-7.1925,-0.2625,nan,nan
1889235,-0.598288,0.073932,0.138348,285.214996,-7.1925,-0.245,nan,nan
1889245,-0.593164,0.073932,0.137616,284.987488,-6.055,-0.1925,nan,nan
1889255,-0.561444,0.073444,0.134688,284.339996,-4.6375,0.2625,nan,nan
1889265,-0.619516,0.077104,0.120536,283.920013,-3.3425,0.2975,nan,nan
1889275,-0.585112,0.105408,0.082228,283.517487,-1.7675,0.4025,nan,nan
1889285,-0.55876,0.126148,0.080764,282.904999,-1.9075,0.28,nan,nan
1889295,-0.548756,0.084912,0.060024,283.045013,-2.5725,-0.49,nan,nan
1889305,-0.565348,0.073688,0.044652,282.152496,-2.415,-1.295,nan,nan
1889315,-0.567056,0.053436,0.051728,281.679993,-2.52,-1.6975,nan,nan
1889325,-0.576572,0.049776,0.054656,280.192505,-3.395,-1.8375,nan,nan
1889335,-0.549244,0.066368,0.073932,278.984985,-4.095,-1.4525,nan,nan
1889345,-0.571204,0.044408,0.048312,279.089996,-5.3025,-0.8925,nan,nan
1889355,-0.540948,0.0549,0.046848,279.125,-6.405,-0.14,nan,nan
1889365,-0.532408,0.049776,0.049532,278.862488,-7.8925,0.805,nan,nan
1889375,-0.551196,0.06588,0.030256,277.445007,-9.5025,2.5375,nan,nan
1889385,-0.552904,0.038552,0.03904,277.147491,-9.9925,3.7975,nan,nan
1889395,-0.55022,0.0366,0.04026,275.432495,-11.2,4.5675,nan,nan
1889403,-0.543144,0.028792,0.037088,275.222504,-11.6725,5.1625,nan,nan
1889412,-0.542412,0.030256,0.039772,274.592499,-13.3175,6.4575,nan,nan
1889422,-0.554856,0.0427,0.045872,275.222504,-15.33,8.12,nan,nan
1889432,-0.559736,0.040748,0.074664,275.922485,-16.799999,10.78,nan,nan
1889442,-0.537288,0.044408,0.08784,275.362488,-16.485001,11.5675,nan,nan
1889452,-0.560956,0.059536,0.096136,273.839996,-16.047501,11.5675,nan,nan
1889462,-0.548268,0.073932,0.090524,273.48999,-15.085,11.445,nan,nan
1889468,-0.554856,0.060512,0.088572,272.929993,-14.5425,11.0775,nan,nan
1889478,-0.53314,0.079788,0.09638,271.757507,-13.5625,10.5875,nan,nan
1889488,-0.537532,0.087108,0.100528,270.462494,-12.74,9.7125,nan,nan
1889498,-0.532652,0.102968,0.1037,269.954987,-12.215,8.575,nan,nan
1889508,-0.529724,0.105408,0.099064,269.44751,-11.235,7.3325,nan,nan
1889518,-0.523624,0.095648,0.094184,267.890015,-9.8,4.935,nan,nan
1889528,-0.529236,0.10492,0.108824,267.347504,-9.0825,3.4825,nan,nan
1889534,-0.520696,0.101016,0.079544,267.032501,-8.5925,2.8175,nan,nan
1889543,-0.513132,0.107116,0.069296,265.790009,-8.1375,1.1725,nan,nan
1889553,-0.5185,0.0915,0.076128,265.649994,-7.5425,-0.77,nan,nan
1889563,-0.537044,0.078812,0.075884,265.684998,-7.77,-2.1525,nan,nan
1889573,-0.50142,0.073444,0.082228,265.107513,-8.785,-3.465,nan,nan
1889583,-0.499468,0.055876,0.075884,263.899994,-9.9925,-4.1475,nan,nan
1889593,-0.506788,0.039772,0.07686,262.832489,-10.4825,-4.865,nan,nan
1889603,-0.490196,0.031476,0.07442,261.554993,-11.41,-5.04,nan,nan
1889613,-0.489464,0.038308,0.064172,259.332489,-12.81,-3.8675,nan,nan
1889623,-0.48434,0.038064,0.092476,259.420013,-13.58,-2.2225,nan,nan
1889633,-0.485072,0.033672,0.091012,258.5625,-14.49,-1.085,nan,nan
1889643,-0.49532,0.032452,0.105164,258.720001,-15.47,0.175,nan,nan
1889653,-0.498492,0.013664,0.106872,258.07251,-16.1875,1.1725,nan,nan
1889663,-0.487024,0.012932,0.111508,257.19751,-16.17,2.415,nan,nan
1889673,-0.503128,0.04392,0.121024,255.919998,-16.1,3.745,nan,nan
1889683,-0.476532,0.03782,0.115656,255.009995,-16.0825,4.2,nan,nan
1889693,-0.463356,0.029524,0.130052,254.502502,-16.1175,5.11,nan,nan
1889703,-0.48556,0.050264,0.126636,253.697495,-15.785,5.705,nan,nan
1889713,-0.500688,0.041724,0.141276,253.505005,-13.2825,7.5775,nan,nan
1889723,-0.52704,0.079788,0.164456,253.452499,-8.715,7.9975,nan,nan
1889733,-0.472872,0.047336,0.10126,253.522507,-5.3375,7.175,nan,nan
1889743,-0.457988,0.061976,0.104188,252.839996,-4.585,6.265,nan,nan
1889753,-0.469944,0.05978,0.100284,252.297501,-4.0075,5.8275,nan,nan
1889763,-0.469456,0.071004,0.083204,252.244995,-3.535,5.355,nan,nan
1889773,-0.460672,0.075396,0.086132,252.419998,-3.15,4.585,nan,nan
1889783,-0.472628,0.074664,0.07198,252.139999,-3.5525,3.7625,nan,nan
1889793,-0.448472,0.067832,0.070272,251.177505,-3.9375,3.15,nan,nan
1889803,-0.439932,0.060512,0.068564,249.690002,-4.025,2.59,nan,nan
1889813,-0.44286,0.072712,0.074176,248.639999,-4.48,2.38,nan,nan
1889823,-0.460916,0.059292,0.059048,248.552505,-4.27,2.24,nan,nan
1889833,-0.456768,0.068808,0.056608,248.167496,-4.13,1.995,nan,nan
1889843,-0.438468,0.087108,0.061244,247.852493,-4.3575,1.575,nan,nan
1889856,-0.425048,0.061732,0.03904,247.222504,-4.865,1.2775,nan,nan
1889866,-0.44774,0.079788,0.007564,246.434998,-6.195,1.085,nan,nan
1889876,-0.43188,0.07686,-0.00488,245.752502,-9.975,-0.35,nan,nan
1889886,-0.430416,0.046604,0.062708,244.387497,-13.8775,-1.75,nan,nan
1889896,-0.431392,0.035624,0.052216,244.509995,-14.7175,-2.3625,nan,nan
1889906,-0.4209,0.030744,0.03904,243.862503,-15.12,-2.24,nan,nan
1889916,-0.426512,0.035868,0.042944,242.672501,-15.3125,-1.9075,nan,nan
1889926,-0.42822,0.0183,0.055144,241.867493,-15.5925,-1.6625,nan,nan
1889936,-0.438712,0.01342,0.064172,241.342499,-16.432501,-1.4175,nan,nan
1889946,-0.40504,0.018544,0.067344,240.432495,-17.290001,-0.91,nan,nan
1889956,-0.409188,0.008784,0.076128,239.889999,-17.85,4.2,nan,nan
1889966,-0.405772,0.00976,0.08052,239.259995,-19.5825,1.47,nan,nan
1889976,-0.406016,0.017568,0.096868,239.592499,-20.440001,3.01,nan,nan
1889986,-0.447252,0.02684,0.121268,238.227493,-20.51,3.92,nan,nan
1889996,-0.463844,0.022204,0.180316,236.897507,-18.252501,4.585,nan,nan
1890006,-0.437004,0.00488,0.177388,236.634995,-12.215,5.6875,nan,nan
1890016,-0.444324,-0.00244,0.119804,236.179993,-8.365,8.82,nan,nan
1890026,-0.41846,0.043676,0.120048,234.815002,-6.7025,11.0075,nan,nan
1890036,-0.41968,0.035868,0.126392,234.220001,-4.655,10.5175,nan,nan
1890046,-0.40992,0.052216,0.108336,233.782501,-3.2375,10.0975,nan,nan
1890056,-0.414068,0.045628,0.106384,233.327499,-1.4525,9.4675,nan,nan
1890066,-0.405528,0.040992,0.094672,231.875,0.735,7.7875,nan,nan
1890076,-0.401136,0.060268,0.092964,231.804993,1.5575,6.755,nan,nan
1890086,-0.41236,0.049776,0.092964,231.647507,2.59,6.125,nan,nan
1890096,-0.401624,0.043188,0.075152,230.125,3.6575,5.7575,nan,nan
1890106,-0.412116,0.044896,0.06466,229.022507,4.6375,5.25,nan,nan
1890116,-0.4026,0.059536,0.062708,228.759995,5.5125,4.865,nan,nan
1890126,-0.394548,0.050264,0.050264,229.407501,6.475,4.76,nan,nan
1890136,-0.381128,0.047824,0.048312,229.845001,6.7725,4.83,nan,nan
1890146,-0.376492,0.022692,0.03172,229.039993,6.965,4.8475,nan,nan
1890156,-0.38552,0.017568,0.033184,228.725006,7.1225,6.335,nan,nan
1890166,-0.376736,0.126392,-0.059292,230.020004,5.8275,4.7425,nan,nan
1890176,-0.366244,0.067588,-0.061,228.567505,-0.8225,-0.875,nan,nan
1890186,-0.359656,0.004636,-0.010248,227.412506,-6.8425,-1.155,nan,nan
1890196,-0.381372,0.052948,0.023912,227.657501,-8.82,0.0175,nan,nan
1890206,-0.355752,0.038796,0.020008,227.447495,-9.94,0.3325,nan,nan
1890216,-0.368684,0.045628,0.023424,227.097504,-11.27,1.0325,nan,nan
1890226,-0.376736,0.052948,0.033184,226.554993,-12.1625,1.33,nan,nan
1890236,-0.366732,0.026108,0.042212,226.257507,-13.2825,1.6625,nan,nan
1890246,-0.361608,0.032696,0.049044,225.960007,-14.0525,2.52,nan,nan
1890256,-0.361364,0.0305,0.05368,224.892502,-14.7,2.94,nan,nan
1890266,-0.348188,0.03416,0.054168,223.369995,-15.61,3.955,nan,nan
1890276,-0.357948,0.04636,0.060512,223.195007,-16.275,4.725,nan,nan
1890286,-0.365024,0.044652,0.08418,222.792496,-16.135,4.6725,nan,nan
1890296,-0.379908,0.052704,0.089304,223.300003,-14.9975,4.69,nan,nan
1890306,-0.375516,0.02684,0.086376,223.300003,-13.615,4.865,nan,nan
1890316,-0.372344,0.046604,0.091256,222.932495,-12.215,5.1975,nan,nan
1890326,-0.366732,0.0366,0.099308,222.985001,-10.885,5.04,nan,nan
1890336,-0.354044,0.037088,0.091988,221.777496,-9.8525,5.005,nan,nan
1890346,-0.347212,0.044164,0.090768,220.587494,-9.0125,5.0225,nan,nan
1890356,-0.346968,0.050508,0.087352,219.957504,-8.1025,4.8825,nan,nan
1890366,-0.345504,0.06222,0.098332,218.785004,-6.685,3.5875,nan,nan
1890376,-0.342088,0.055632,0.100772,218.294998,-5.3025,2.5025,nan,nan
1890386,-0.371856,0.061732,0.092964,218.242493,-3.99,1.575,nan,nan
1890395,-0.354044,0.059292,0.081008,218.050003,-2.9225,0.5075,nan,nan
1890405,-0.3477,0.054168,0.08296,218.014999,-2.415,-0.6475,nan,nan
1890415,-0.342088,0.057096,0.083448,217.752502,-2.0125,-1.7325,nan,nan
1890425,-0.341112,0.044408,0.087108,217.227493,-1.575,-2.7825,nan,nan
1890435,-0.345992,0.046848,0.079544,216.160004,-1.26,-3.7625,nan,nan
1890445,-0.331108,0.044896,0.076372,215.477493,-1.155,-4.3925,nan,nan
1890455,-0.323056,0.050508,0.061732,214.865005,-1.1375,-4.6725,nan,nan
1890465,-0.315736,0.030256,0.055632,214.445007,-1.2425,-5.005,nan,nan
1890475,-0.335744,0.024644,0.060268,213.990005,-2.135,-5.1275,nan,nan
1890485,-0.326228,0.02318,0.059048,213.044998,-2.8525,-4.8825,nan,nan
1890495,-0.3172,0.030744,0.060512,212.257507,-3.43,-4.655,nan,nan
1890505,-0.31964,0.031232,0.062464,212.047501,-4.2175,-4.3225,nan,nan
1890515,-0.31598,0.031476,0.061244,211.3125,-4.76,-3.78,nan,nan
1890525,-0.306952,0.020252,0.060756,210.524994,-5.0575,-3.185,nan,nan
1890535,-0.316468,0.022692,0.05612,210.139999,-5.1975,-2.555,nan,nan
1890545,-0.318176,0.0122,0.043188,210.017502,-4.5675,-2.2925,nan,nan
1890555,-0.320128,0.019032,0.05734,209.387497,-4.97,-1.5225,nan,nan
1890565,-0.310368,0.01952,0.055876,208.914993,-4.83,-1.0675,nan,nan
1890575,-0.298168,0.020984,0.060024,209.177505,-4.795,-0.7,nan,nan
1890585,-0.309392,0.023424,0.063196,209.020004,-5.0225,-0.07,nan,nan
1890595,-0.304756,0.021472,0.05856,208.600006,-5.495,0.4725,nan,nan
1890605,-0.295484,0.016592,0.060268,207.654999,-5.74,0.7175,nan,nan
1890615,-0.290848,0.018788,0.054656,207.147507,-6.0025,1.3125,nan,nan
1890625,-0.292068,0.022692,0.05002,206.535004,-6.2825,1.33,nan,nan
1890635,-0.297924,0.029524,0.05246,206.255005,-6.4225,1.4175,nan,nan
1890645,-0.29158,0.022936,0.058072,205.625,-6.475,1.26,nan,nan
1890655,-0.288652,0.015616,0.053192,204.925003,-6.4575,1.295,nan,nan
1890665,-0.288164,0.023424,0.051728,204.225006,-6.4225,1.33,nan,nan
1890675,-0.299388,0.018788,0.053924,203.910004,-6.7725,0.9975,nan,nan
1890685,-0.283528,0.030256,0.056364,202.772507,-6.895,0.9275,nan,nan
1890695,-0.288408,0.034404,0.064416,201.827499,-6.8775,1.5575,nan,nan
1890705,-0.293776,0.035868,0.064416,201.285004,-6.58,1.6275,nan,nan
1890715,-0.291092,0.035624,0.05734,200.479996,-6.3,1.47,nan,nan
1890725,-0.2745,0.035136,0.047336,200.270004,-5.95,1.4,nan,nan
1890735,-0.275232,0.047092,0.045872,199.955002,-5.9325,1.12,nan,nan
1890745,-0.278892,0.040016,0.037576,199.710007,-5.6525,0.875,nan,nan
1890755,-0.284992,0.04026,0.037576,199.027496,-5.46,0.56,nan,nan
1890765,-0.279624,0.032696,0.032452,198.520004,-5.6875,0.315,nan,nan
1890775,-0.277916,0.041724,0.03416,198.502502,-6.055,0.28,nan,nan
1890785,-0.281088,0.042944,0.036844,198.589996,-6.5975,0.28,nan,nan
1890795,-0.268156,0.02928,0.034648,198.1875,-7.35,0.3325,nan,nan
1890805,-0.271328,0.040504,0.025864,197.225006,-8.015,0.035,nan,nan
1890815,-0.261324,0.040992,0.033916,196.682495,-8.925,-0.3325,nan,nan
1890825,-0.258396,0.03172,0.033672,196.279999,-10.08,-0.6475,nan,nan
1890835,-0.256688,0.0305,0.035624,195.912506,-10.7625,-0.5775,nan,nan
1890845,-0.25986,0.029036,0.041236,195.492493,-11.375,-0.4725,nan,nan
1890855,-0.259128,0.014152,0.039772,194.897507,-11.7775,-0.6125,nan,nan
1890865,-0.26108,0.022448,0.038308,194.389999,-12.32,-0.35,nan,nan
1890875,-0.25498,0.027816,0.04026,193.707504,-12.845,0.035,nan,nan
1890885,-0.268888,0.030744,0.042944,193.095001,-13.2475,0.3675,nan,nan
1890895,-0.264252,0.026596,0.04636,192.307495,-13.37,0.945,nan,nan
1890905,-0.260104,0.026596,0.046848,192.184998,-13.4925,1.33,nan,nan
1890915,-0.252052,0.02562,0.040504,191.764999,-13.3,1.26,nan,nan
1890925,-0.259372,0.0305,0.059536,190.872498,-12.9325,1.3475,nan,nan
1890935,-0.25986,0.033184,0.060756,190.470001,-12.6525,1.4875,nan,nan
1890945,-0.254004,0.02928,0.05978,190.014999,-12.355,1.5925,nan,nan
1890955,-0.246928,0.0244,0.053436,189.139999,-11.6375,1.89,nan,nan
1890965,-0.249124,0.028304,0.051728,188.195007,-11.0425,1.9775,nan,nan
1890975,-0.252784,0.0305,0.062708,187.845001,-10.4125,1.96,nan,nan
1890985,-0.258152,0.032452,0.061488,187.145004,-9.7475,1.855,nan,nan
1890995,-0.251076,0.032452,0.058804,186.8125,-8.995,1.8025,nan,nan
1891005,-0.246928,0.029768,0.048556,186.410004,-8.19,1.575,nan,nan
1891015,-0.256444,0.024156,0.05612,186.042496,-7.5775,0.875,nan,nan
1891025,-0.254004,0.01952,0.055876,185.797501,-7.21,0.2275,nan,nan
1891035,-0.244732,0.027572,0.052216,185.429993,-6.86,-0.1575,nan,nan
1891045,-0.241316,0.030744,0.055388,185.0625,-6.615,-0.5425,nan,nan
1891055,-0.238876,0.030988,0.0488,184.695007,-6.44,-0.7875,nan,nan
1891065,-0.237168,0.028792,0.0427,184.572495,-6.0375,-1.0325,nan,nan
1891075,-0.243268,0.026108,0.044896,184.467499,-5.6,-1.1725,nan,nan
1891085,-0.238876,0.013908,0.048312,184.1875,-5.495,-1.1025,nan,nan
1891095,-0.228872,0.022204,0.043676,183.522507,-5.25,-0.9975,nan,nan
1891105,-0.236924,0.0183,0.03538,183.399994,-5.11,-0.9975,nan,nan
1891115,-0.234484,0.01342,0.034892,182.822495,-5.0575,-0.8225,nan,nan
1891125,-0.226676,0.01586,0.042212,181.860001,-5.145,-0.7525,nan,nan
1891135,-0.223992,0.009028,0.04392,181.475006,-5.4425,-0.7175,nan,nan
1891145,-0.223992,0.017812,0.042944,181.160004,-5.5125,-0.5425,nan,nan
1891155,-0.2257,0.008052,0.039284,181.457504,-5.5825,-0.35,nan,nan
1891165,-0.230824,-0.000976,0.04514,181.422501,-5.4775,-0.175,nan,nan
1891175,-0.222528,0.005856,0.0427,180.862503,-5.5825,0.14,nan,nan
1891185,-0.222528,0.004636,0.04758,179.830002,-5.8625,0.3675,nan,nan
1891195,-0.223992,0.004148,0.052216,179.007507,-6.1425,0.5775,nan,nan
1891205,-0.216428,0.000244,0.049776,178.184998,-6.475,1.2425,nan,nan
1891215,-0.20618,0.005612,0.045628,177.800003,-6.37,1.5925,nan,nan
1891225,-0.20618,0.003416,0.04514,177.449997,-6.58,1.645,nan,nan
1891235,-0.211548,0.000488,0.050508,176.960007,-7.1575,1.5575,nan,nan
1891245,-0.219844,-0.000244,0.051728,176.557495,-7.455,1.7325,nan,nan
1891255,-0.21716,0.004148,0.061,175.979996,-7.175,1.7675,nan,nan
1891265,-0.227164,-0.006588,0.06954,175.752502,-6.2125,1.9425,nan,nan
1891275,-0.224968,-0.006588,0.076128,175.787506,-4.55,2.5375,nan,nan
1891285,-0.221796,-0.014396,0.062464,176.417496,-2.6775,3.6225,nan,nan
1891295,-0.210084,-0.000244,0.04514,176.557495,-2.135,4.9,nan,nan
1891305,-0.205204,0.002684,0.045628,175.822495,-1.9075,5.1625,nan,nan
1891315,-0.20252,0.006588,0.047824,175.350006,-1.6275,5.5125,nan,nan
1891325,-0.202032,0.009028,0.049044,175.4375,-1.295,5.74,nan,nan
1891335,-0.197396,0.0183,0.040992,175.297501,-1.2075,6.0375,nan,nan
1891345,-0.194712,0.004148,0.039284,175.244995,-1.155,6.265,nan,nan
1891355,-0.195932,0.006832,0.036356,174.737503,-1.12,6.545,nan,nan
1891365,-0.200324,0.013664,0.038064,174.492493,-0.945,6.4575,nan,nan
1891375,-0.194468,0.016104,0.038796,174.282501,-0.84,6.23,nan,nan
1891385,-0.19276,0.022448,0.034892,173.845001,-0.91,5.67,nan,nan
1891395,-0.193492,0.012444,0.026596,173.634995,-1.3125,5.215,nan,nan
1891405,-0.192028,0.016836,0.0244,172.830002,-2.0825,5.0225,nan,nan
1891415,-0.195444,0.013908,0.028792,172.287506,-2.3975,4.8475,nan,nan
1891425,-0.193736,0.014884,0.033672,171.710007,-2.59,4.515,nan,nan
1891435,-0.187636,0.011224,0.031476,171.429993,-2.625,4.4975,nan,nan
1891445,-0.179828,0.00976,0.020984,170.957504,-2.8525,4.725,nan,nan
1891455,-0.180072,0.011224,0.0183,170.467499,-3.5175,4.7075,nan,nan
1891465,-0.184708,0.000488,0.019276,170.047501,-4.1825,4.9175,nan,nan
1891475,-0.183732,0.01464,0.025864,169.522507,-4.4625,5.075,nan,nan
1891485,-0.189832,0.01464,0.027328,168.945007,-4.7075,4.97,nan,nan
1891495,-0.191296,0.015616,0.025132,168.419998,-4.7075,4.4275,nan,nan
1891505,-0.177388,0.011468,0.020984,167.929993,-5.4075,3.3775,nan,nan
1891515,-0.172996,0.00122,0.024644,167.597504,-6.0025,3.2725,nan,nan
1891525,-0.179584,0.003904,0.026352,167.089996,-6.5975,3.3775,nan,nan
1891535,-0.177144,0,0.023668,166.6875,-7.07,3.465,nan,nan
1891545,-0.173728,-0.004392,0.021472,166.022507,-7.6125,3.99,nan,nan
1891555,-0.173484,-0.009516,0.021716,165.322495,-8.3475,4.76,nan,nan
1891565,-0.172508,-0.000488,0.031476,164.360001,-8.8725,5.6175,nan,nan
1891575,-0.173484,-0.001464,0.032452,163.362503,-9.03,6.2475,nan,nan
1891585,-0.171776,0.001708,0.038308,162.820007,-8.9425,6.545,nan,nan
1891595,-0.177144,0.008296,0.040504,162.119995,-8.645,6.72,nan,nan
1891605,-0.173728,0.002928,0.0366,161.455002,-8.47,6.9825,nan,nan
1891615,-0.172752,0.007564,0.038064,161.559998,-8.33,7.21,nan,nan
1891625,-0.171288,0.001464,0.038308,161.4375,-8.26,7.56,nan,nan
1891631,-0.170556,0.005612,0.038552,161.332504,-8.19,7.7875,nan,nan
1891641,-0.172508,0.004636,0.045384,160.895004,-8.015,8.1375,nan,nan
1891651,-0.171044,0.006588,0.042456,160.300003,-7.595,8.3825,nan,nan
1891661,-0.174948,0.00976,0.045384,159.512497,-7.2275,8.47,nan,nan
1891671,-0.1708,0.011224,0.047824,159.039993,-6.7725,8.575,nan,nan
1891681,-0.170312,0.013176,0.047092,158.445007,-6.23,8.6625,nan,nan
1891691,-0.170556,0.016104,0.050752,157.797501,-5.075,8.68,nan,nan
1891701,-0.171532,0.021716,0.051728,157.149994,-4.1825,8.3475,nan,nan
1891711,-0.1708,0.018544,0.050264,156.729996,-3.2375,7.7875,nan,nan
1891721,-0.166408,0.021716,0.044896,156.502502,-2.4675,7.385,nan,nan
1891731,-0.161772,0.019764,0.047092,155.960007,-1.8725,6.895,nan,nan
1891741,-0.169092,0.020252,0.047336,155.627502,-1.365,6.37,nan,nan
1891751,-0.164456,0.023424,0.046116,155.137497,-0.77,5.985,nan,nan
1891761,-0.154208,0.02562,0.04392,154.839996,-0.2975,5.5125,nan,nan
1891771,-0.155184,0.020008,0.040016,154.297501,0.035,4.9875,nan,nan
1891781,-0.15616,0.020008,0.040992,153.807495,0.735,4.4625,nan,nan
1891791,-0.155428,0.01952,0.038796,153.177505,0.9275,3.815,nan,nan
1891801,-0.149816,0.020008,0.034648,152.634995,1.2075,3.1675,nan,nan
1891811,-0.147132,0.01952,0.035136,152.25,1.3125,2.6425,nan,nan
1891821,-0.148352,0.015372,0.03294,152.25,1.435,2.0125,nan,nan
1891831,-0.150304,0.022204,0.031964,152.039993,1.75,1.5925,nan,nan
1891841,-0.155916,0.012932,0.033916,151.830002,1.785,1.12,nan,nan
1891851,-0.152988,0.01098,0.028792,151.304993,1.8025,0.6825,nan,nan
1891861,-0.147376,0.007564,0.02806,150.762497,1.855,0.28,nan,nan
1891871,-0.145424,0.00976,0.028304,149.940002,1.6975,0,nan,nan
1891881,-0.142496,0.00854,0.02806,149.589996,1.54,-0.1925,nan,nan
1891891,-0.13664,0.002928,0.02806,149.152496,1.33,-0.4725,nan,nan
1891901,-0.140544,0.007564,0.027084,148.960007,1.05,-0.4375,nan,nan
1891911,-0.142496,0.000976,0.026352,148.767502,0.7875,-0.5775,nan,nan
1891921,-0.142496,0.000732,0.024888,148.574997,0.6825,-0.385,nan,nan
1891931,-0.138348,0.000244,0.023668,148.242493,0.525,-0.245,nan,nan
1891941,-0.129808,-0.00244,0.022448,147.997498,0.2975,-0.105,nan,nan
1891951,-0.126392,0.001708,0.022936,147.945007,0,0.245,nan,nan
1891961,-0.131028,-0.00488,0.024888,147.682495,-0.3325,0.665,nan,nan
1891971,-0.13664,-0.004148,0.022936,147.139999,-0.5775,1.0675,nan,nan
1891981,-0.13908,-0.00122,0.02562,146.404999,-0.7175,1.365,nan,nan
1891991,-0.129808,-0.003416,0.02318,145.914993,-1.2775,2.0125,nan,nan
1892001,-0.132736,0.001708,0.024888,145.914993,-1.61,2.31,nan,nan
1892011,-0.127368,0.001952,0.027084,145.634995,-1.7675,2.6075,nan,nan
1892021,-0.12444,-0.001708,0.027572,145.669998,-1.9425,2.9575,nan,nan
1892031,-0.127368,0.000488,0.027816,145.389999,-2.1,3.3075,nan,nan
1892041,-0.126148,-0.002196,0.025132,145.092499,-2.17,3.5,nan,nan
1892051,-0.128832,0.001464,0.031476,144.934998,-2.38,3.955,nan,nan
1892061,-0.125172,-0.002196,0.02318,144.550003,-2.2925,4.235,nan,nan
1892071,-0.129564,0.00366,0.03172,144.007507,-2.4675,4.515,nan,nan
1892081,-0.126636,0.00244,0.02806,143.517502,-2.52,4.6375,nan,nan
1892090,-0.124928,0.000732,0.027572,142.940002,-2.5725,4.935,nan,nan
1892099,-0.124684,0.006832,0.03294,142.572495,-2.66,4.9875,nan,nan
1892109,-0.123708,0.00244,0.0305,142.1875,-2.59,4.9875,nan,nan
1892119,-0.119316,0.00854,0.033428,141.872498,-2.59,4.97,nan,nan
1892129,-0.119316,0.003172,0.033428,141.662506,-2.6425,5.0225,nan,nan
1892139,-0.118584,0.013908,0.033672,141.032501,-2.6075,4.935,nan,nan
1892149,-0.121268,0.012688,0.03538,140.735001,-2.3275,4.725,nan,nan
1892159,-0.118584,0.016104,0.035868,140.402496,-2.1,4.5675,nan,nan
1892169,-0.119804,0.013664,0.034892,139.807495,-1.785,4.13,nan,nan
1892179,-0.120292,0.014396,0.0366,139.440002,-1.4875,3.85,nan,nan
1892189,-0.1159,0.016104,0.035136,139.037506,-1.225,3.36,nan,nan
1892199,-0.111264,0.015372,0.032452,138.442505,-1.0675,2.8525,nan,nan
1892209,-0.110288,0.0183,0.033428,138.127502,-1.05,2.485,nan,nan
1892219,-0.110776,0.01952,0.031964,138.092499,-0.8225,2.17,nan,nan
1892229,-0.107848,0.018544,0.030988,137.742493,-0.77,1.82,nan,nan
1892239,-0.104432,0.020252,0.03172,137.130005,-0.7175,1.435,nan,nan
1892249,-0.105408,0.019032,0.028304,136.779999,-0.56,1.0675,nan,nan
1892259,-0.109068,0.022692,0.027816,136.692505,-0.56,0.525,nan,nan
1892269,-0.108824,0.017324,0.028304,136.412506,-0.5075,-0.035,nan,nan
1892279,-0.110044,0.019276,0.030256,135.957504,-0.49,-0.49,nan,nan
1892289,-0.106384,0.01586,0.025376,135.589996,-0.385,-1.05,nan,nan
1892299,-0.107116,0.019276,0.02806,135.274994,-0.42,-1.4175,nan,nan
1892309,-0.101992,0.011712,0.022204,134.662506,-0.2975,-1.8725,nan,nan
1892319,-0.10614,0.019032,0.02928,134.242493,-0.315,-2.275,nan,nan
1892329,-0.103944,0.010492,0.01952,133.770004,-0.14,-2.7475,nan,nan
1892339,-0.101992,0.016104,0.022936,133.542496,-0.28,-3.29,nan,nan
1892349,-0.10492,0.013176,0.023424,133.244995,-0.49,-3.6925,nan,nan
1892359,-0.098576,0.010248,0.021228,132.580002,-0.455,-4.0075,nan,nan
1892369,-0.0976,0.012932,0.018544,132.335007,-0.6125,-4.2175,nan,nan
1892379,-0.095648,0.006344,0.016836,131.985001,-0.7,-4.445,nan,nan
1892389,-0.09394,0.01464,0.015616,131.722504,-0.7,-4.445,nan,nan
1892399,-0.093696,0.009028,0.016348,131.302505,-0.7,-4.69,nan,nan
1892409,-0.094184,0.010248,0.014396,130.567505,-0.77,-4.8825,nan,nan
1892419,-0.093696,0.012932,0.014396,130.007507,-1.1025,-5.11,nan,nan
1892429,-0.090036,0.007564,0.015372,129.727493,-1.4,-5.25,nan,nan
1892439,-0.089548,0.008052,0.011224,129.570007,-1.9075,-5.4075,nan,nan
1892449,-0.090768,0.004392,0.0122,129.132507,-2.205,-5.6,nan,nan
1892459,-0.09028,0.00366,0.012444,128.817505,-2.45,-5.635,nan,nan
1892469,-0.088816,0.00366,0.00854,128.274994,-2.765,-5.635,nan,nan
1892479,-0.087108,-0.001708,0.00732,127.872498,-3.185,-5.81,nan,nan
1892489,-0.0854,-0.008784,0.005368,127.260002,-4.0425,-5.915,nan,nan
1892499,-0.084424,-0.008052,0.008052,126.629997,-5.075,-5.6525,nan,nan
1892509,-0.088816,-0.00122,0.020008,125.947502,-5.95,-5.215,nan,nan
1892519,-0.087352,0.001464,0.019764,126.105003,-6.265,-4.655,nan,nan
1892529,-0.085156,0,0.02196,126.192497,-6.615,-4.13,nan,nan
1892539,-0.085888,0.000976,0.024644,126.035004,-6.9125,-3.43,nan,nan
1892549,-0.082472,-0.001952,0.024888,125.544998,-7.1225,-3.115,nan,nan
1892559,-0.081008,-0.002196,0.025376,125.230003,-7.0875,-2.835,nan,nan
1892569,-0.081984,0.000488,0.022936,124.7575,-7.0875,-2.8525,nan,nan
1892579,-0.082716,-0.001708,0.0244,124.232498,-7.14,-2.94,nan,nan
1892589,-0.081496,-0.000732,0.02684,123.900002,-7.245,-3.0275,nan,nan
1892599,-0.081984,-0.000488,0.030256,123.724998,-7.42,-3.185,nan,nan
1892609,-0.080032,0.003172,0.030012,123.497498,-7.49,-3.3775,nan,nan
1892619,-0.083448,0.003416,0.031476,123.339996,-7.42,-3.5875,nan,nan
1892629,-0.08418,0.00488,0.030012,123.7425,-7.0175,-3.3775,nan,nan
1892639,-0.082472,0.001464,0.02806,123.637497,-6.335,-3.29,nan,nan
1892649,-0.083448,-0.0061,0.030988,122.972504,-5.425,-3.01,nan,nan
1892659,-0.086864,-0.002684,0.030744,122.377502,-4.725,-2.45,nan,nan
1892669,-0.079544,-0.00122,0.031232,122.43,-3.9725,-1.925,nan,nan
1892679,-0.0793,0.008784,0.025864,122.097504,-3.325,-1.785,nan,nan
1892689,-0.07686,0.00244,0.021472,121.537498,-3.01,-1.9075,nan,nan
1892699,-0.075152,-0.002196,0.022204,120.330002,-2.7825,-2.0125,nan,nan
1892709,-0.074664,0.000732,0.017568,118.754997,-2.7825,-1.96,nan,nan
1892719,-0.077104,0.002196,0.01586,118.072502,-2.8525,-1.7675,nan,nan
1892729,-0.076128,0.009516,0.01952,117.635002,-2.73,-1.8725,nan,nan
1892739,-0.074664,0.012932,0.019032,117.127502,-2.765,-2.3275,nan,nan
1892749,-0.0732,0.00732,0.018544,116.830002,-2.94,-2.7825,nan,nan
1892759,-0.071248,0.005124,0.020984,116.620003,-3.22,-2.9225,nan,nan
1892769,-0.068808,0.007808,0.022936,116.287498,-3.4825,-3.045,nan,nan
1892779,-0.067832,0.008052,0.0183,116.217499,-3.5875,-3.29,nan,nan
1892789,-0.068564,0.010248,0.020008,116.077499,-3.71,-3.4825,nan,nan
1892799,-0.067832,0.000732,0.020984,115.832497,-3.8675,-3.605,nan,nan
1892809,-0.068564,0.008052,0.024156,115.220001,-3.955,-3.7625,nan,nan
1892819,-0.06588,0.009028,0.019032,114.747498,-3.9375,-3.9375,nan,nan
1892829,-0.066856,0.006588,0.022936,114.449997,-3.955,-4.1125,nan,nan
1892839,-0.064904,0.002684,0.016592,113.907501,-3.955,-4.13,nan,nan
1892849,-0.064416,0.006588,0.017324,113.347504,-3.955,-4.34,nan,nan
1892859,-0.06222,0.008052,0.019032,113.172501,-4.095,-4.5325,nan,nan
1892869,-0.065392,0.004392,0.015128,112.997498,-4.2875,-4.8825,nan,nan
1892876,-0.065636,0.004392,0.016104,112.805,-4.445,-4.9,nan,nan
1892886,-0.064172,0.008296,0.018056,112.3675,-4.5325,-4.935,nan,nan
1892896,-0.063928,0.007808,0.016104,111.754997,-4.7775,-4.9525,nan,nan
1892906,-0.061976,0.011224,0.017568,111.317497,-5.04,-4.9875,nan,nan
1892916,-0.061732,0.013664,0.016592,111.177498,-5.2325,-4.9525,nan,nan
1892926,-0.061,0.011712,0.01708,110.967499,-5.3725,-5.11,nan,nan
1892936,-0.058072,0.010492,0.015128,110.7575,-5.39,-5.2675,nan,nan
1892946,-0.056852,0.01098,0.013664,110.302498,-5.4425,-5.4075,nan,nan
1892956,-0.060024,0.01464,0.013664,109.830002,-5.74,-5.5825,nan,nan
1892966,-0.060024,0.01708,0.014396,109.672501,-5.845,-6.02,nan,nan
1892976,-0.057828,0.011956,0.011956,109.287498,-5.88,-6.44,nan,nan
1892986,-0.057584,0.010004,0.012932,108.989998,-6.16,-6.7375,nan,nan
1892996,-0.057096,0.009516,0.013908,108.8675,-6.3875,-6.93,nan,nan
1893006,-0.056364,0.004148,0.01464,108.447502,-6.7025,-7.4025,nan,nan
1893016,-0.053436,0.000488,0.012444,108.097504,-6.9475,-7.7175,nan,nan
1893026,-0.056364,0.00122,0.01342,107.327499,-7.1925,-7.945,nan,nan
1893036,-0.054656,-0.001464,0.0122,106.767502,-7.385,-8.19,nan,nan
1893046,-0.05368,0.000488,0.01708,105.857498,-7.735,-8.3475,nan,nan
1893056,-0.051728,-0.00122,0.014884,105.297501,-7.875,-8.4,nan,nan
1893066,-0.050996,-0.001464,0.017812,105.035004,-8.155,-8.295,nan,nan
1893076,-0.053924,0.001464,0.01952,104.597504,-8.3825,-8.2075,nan,nan
1893086,-0.052704,0.002928,0.01464,104.107498,-8.645,-8.085,nan,nan
1893096,-0.054412,0.00488,0.019032,103.967499,-8.7675,-7.8225,nan,nan
1893106,-0.05124,-0.00244,0.019276,103.669998,-8.715,-7.735,nan,nan
1893116,-0.052216,-0.000244,0.017812,103.162498,-8.8025,-7.525,nan,nan
1893126,-0.049044,-0.001952,0.01342,103.110001,-8.7675,-7.5425,nan,nan
1893136,-0.047336,0.003416,0.01708,103.092499,-8.89,-7.6125,nan,nan
1893146,-0.047092,-0.005368,0.018544,103.232498,-8.8725,-7.5775,nan,nan
1893156,-0.048556,-0.001952,0.01586,103.040001,-8.855,-7.5075,nan,nan
1893166,-0.046116,-0.003416,0.016836,102.987503,-8.9075,-7.5075,nan,nan
1893176,-0.04758,-0.005368,0.01708,102.392502,-8.925,-7.3675,nan,nan
1893186,-0.045628,-0.005856,0.019032,102.217499,-8.89,-7.21,nan,nan
1893196,-0.046604,-0.002196,0.016836,102.182503,-8.8375,-7.0175,nan,nan
1893206,-0.045872,-0.00366,0.016348,101.9375,-8.925,-6.965,nan,nan
1893216,-0.044164,-0.007076,0.019276,101.342499,-8.9775,-6.755,nan,nan
1893226,-0.044164,-0.005124,0.02074,100.870003,-9.0125,-6.4225,nan,nan
1893236,-0.04514,-0.005124,0.01708,100.519997,-8.9775,-6.16,nan,nan
1893246,-0.041968,-0.005612,0.016836,99.889999,-8.9425,-5.88,nan,nan
1893256,-0.043188,-0.005124,0.0183,99.137497,-8.9775,-5.6525,nan,nan
1893266,-0.0427,-0.00488,0.019764,98.629997,-8.925,-5.4775,nan,nan
1893276,-0.040748,-0.004392,0.018056,98.262497,-8.75,-5.32,nan,nan
1893286,-0.0427,-0.001708,0.020008,97.807503,-8.8375,-5.11,nan,nan
1893296,-0.042456,-0.003416,0.019032,97.370003,-8.8025,-5.11,nan,nan
1893306,-0.04026,-0.003904,0.019032,97.089996,-8.82,-5.0925,nan,nan
1893316,-0.039528,-0.004636,0.0183,96.792503,-8.7675,-5.0575,nan,nan
1893326,-0.039284,-0.006832,0.018544,96.565002,-8.6625,-4.7775,nan,nan
1893336,-0.040748,-0.007076,0.018056,96.127502,-8.54,-4.3925,nan,nan
1893346,-0.041968,-0.007564,0.016104,95.602501,-8.295,-4.13,nan,nan
1893356,-0.040992,-0.007564,0.017812,95.059998,-8.0675,-3.8325,nan,nan
1893366,-0.04026,-0.002196,0.018056,94.482498,-7.7875,-3.64,nan,nan
1893376,-0.037576,-0.004148,0.01586,93.834999,-7.5425,-3.675,nan,nan
1893386,-0.035624,-0.001708,0.01342,93.292503,-7.315,-3.78,nan,nan
1893396,-0.036356,-0.005368,0.01342,92.907501,-7.35,-3.7625,nan,nan
1893406,-0.036112,0.001708,0.012444,92.697502,-7.385,-3.745,nan,nan
1893416,-0.034648,0.000244,0.010736,92.522499,-7.28,-3.8325,nan,nan
1893426,-0.034648,-0.002928,0.010004,92.260002,-7.14,-3.85,nan,nan
1893436,-0.03172,-0.00366,0.008052,91.682503,-7.0875,-3.85,nan,nan
1893446,-0.034648,-0.00244,0.009028,91.315002,-7.2275,-3.8675,nan,nan
1893456,-0.033672,-0.00366,0.01098,91.105003,-7.4375,-3.885,nan,nan
1893466,-0.03172,-0.003172,0.009516,90.684998,-7.49,-3.8325,nan,nan
1893476,-0.032452,-0.002196,0.01098,90.282501,-7.7,-3.7625,nan,nan
1893486,-0.030256,-0.00122,0.009516,90.089996,-7.8575,-3.7625,nan,nan
1893496,-0.032696,-0.003416,0.009028,89.967499,-8.05,-3.7625,nan,nan
1893506,-0.032208,-0.00244,0.007564,89.599998,-8.1725,-3.745,nan,nan
1893516,-0.0305,-0.001952,0.008052,89.092499,-8.2425,-3.5875,nan,nan
1893526,-0.028548,-0.00122,0.00732,88.900002,-8.26,-3.57,nan,nan
1893536,-0.028304,-0.000244,0.008052,88.830002,-8.3825,-3.5525,nan,nan
1893546,-0.029768,-0.000488,0.007564,88.514999,-8.47,-3.5175,nan,nan
1893556,-0.027084,-0.001464,0.007564,88.392502,-8.645,-3.465,nan,nan
1893566,-0.028792,0.000488,0.007076,88.252502,-8.6975,-3.5,nan,nan
1893576,-0.026108,-0.001464,0.006832,88.129997,-8.7675,-3.4125,nan,nan
1893586,-0.027084,-0.002196,0.006588,87.815002,-8.82,-3.4825,nan,nan
1893596,-0.026596,-0.00244,0.006344,87.745003,-8.925,-3.36,nan,nan
1893606,-0.027816,-0.00366,0.005368,87.394997,-8.96,-3.2375,nan,nan
1893616,-0.02806,-0.001952,0.005612,87.0625,-9.0475,-2.9925,nan,nan
1893626,-0.026108,-0.00122,0.007076,86.957497,-8.925,-2.9225,nan,nan
1893636,-0.02562,-0.004636,0.009516,86.922501,-8.6975,-2.835,nan,nan
1893646,-0.025132,-0.003172,0.010004,86.607498,-8.3475,-2.6775,nan,nan
1893656,-0.027084,-0.006588,0.01098,86.362503,-7.84,-2.4675,nan,nan
1893666,-0.021716,-0.003904,0.001952,86.099998,-7.5775,-2.3625,nan,nan
1893676,-0.026596,-0.000488,0.003416,85.907501,-7.6475,-2.38,nan,nan
1893686,-0.023424,0.004636,-0.006344,86.205002,-7.84,-2.4675,nan,nan
1893696,-0.022204,0.007808,-0.013664,86.099998,-8.645,-3.0975,nan,nan
1893706,-0.021716,0.000732,-0.016348,85.627502,-9.94,-3.85,nan,nan
1893716,-0.014152,-0.006832,-0.009272,85.260002,-11.2,-4.305,nan,nan
1893726,-0.019276,-0.007564,-0.00122,84.717499,-12.145,-4.1825,nan,nan
1893736,-0.021472,-0.006588,0.000488,84.629997,-12.2675,-3.8325,nan,nan
1893746,-0.025864,-0.007808,0.004392,84.577499,-12.18,-3.4475,nan,nan
1893756,-0.02318,-0.007808,0.002196,84.559998,-12.04,-3.0625,nan,nan
1893766,-0.020496,-0.008052,-0.000488,84.402496,-12.0925,-2.8875,nan,nan
1893776,-0.021472,-0.003904,-0.003172,84.279999,-12.32,-2.8525,nan,nan
1893786,-0.018544,-0.005612,-0.003172,83.982498,-12.6175,-2.87,nan,nan
1893796,-0.016348,-0.004148,-0.002684,83.877502,-12.915,-3.0975,nan,nan
1893806,-0.019276,-0.005124,-0.002196,83.684998,-13.1425,-3.2725,nan,nan
1893816,-0.019276,-0.00732,-0.00244,83.440002,-13.335,-3.3775,nan,nan
1893826,-0.017324,-0.007076,-0.001952,82.932503,-13.58,-3.4475,nan,nan
1893836,-0.019764,-0.005124,-0.004148,82.739998,-13.615,-3.64,nan,nan
1893846,-0.017568,-0.002928,-0.002928,82.547501,-13.79,-3.815,nan,nan
1893856,-0.017324,-0.004148,-0.00244,82.355003,-13.825,-4.025,nan,nan
1893866,-0.01586,-0.003416,-0.006344,82.18,-13.8425,-4.3575,nan,nan
1893876,-0.019276,-0.003904,-0.001708,82.144997,-14.035,-4.725,nan,nan
1893886,-0.0183,-0.005368,-0.000488,82.092499,-13.965,-4.9875,nan,nan
1893896,-0.0244,-0.038308,-0.008296,81.637497,-13.8425,-4.8475,nan,nan
1893906,-0.022692,-0.021228,-0.00976,80.360001,-13.9475,-3.9375,nan,nan
1893916,-0.014152,-0.042212,-0.02684,80.307503,-15.0675,-2.31,nan,nan
1893926,-0.01342,-0.015616,-0.008296,79.834999,-17.535,1.8725,nan,nan
1893936,-0.02318,-0.014152,0.00122,79.677498,-17.885,1.8725,nan,nan
1893946,-0.011712,-0.014884,-0.011956,79.415001,-17.780001,2.0475,nan,nan
1893956,-0.014152,-0.01464,-0.003416,79.135002,-18.182501,2.31,nan,nan
1893966,-0.01708,-0.019032,-0.004392,78.82,-18.4625,2.625,nan,nan
1893976,-0.017812,-0.014884,-0.00366,78.557503,-18.655001,2.94,nan,nan
1893986,-0.016836,-0.016836,-0.005612,78.3825,-18.952499,3.325,nan,nan
1893996,-0.016836,-0.016836,-0.004392,78.120003,-19.1625,3.605,nan,nan
1894006,-0.015128,-0.019276,-0.00244,77.892502,-19.389999,3.99,nan,nan
1894016,-0.015372,-0.020008,-0.00488,77.699997,-19.530001,4.2875,nan,nan
1894026,-0.016836,-0.02196,-0.004148,77.279999,-19.844999,4.8475,nan,nan
1894036,-0.016836,-0.019032,-0.004636,76.894997,-19.950001,5.25,nan,nan
1894046,-0.01586,-0.01952,-0.006588,76.6325,-20.125,5.6,nan,nan
1894056,-0.015616,-0.020008,-0.005124,76.160004,-20.264999,5.95,nan,nan
1894136,-0.015372,-0.021716,-0.001952,73.955002,-20.93,9.6425,nan,nan
1894145,-0.01464,-0.022448,-0.000976,73.745003,-20.9825,10.045,nan,nan
1894155,-0.01342,-0.02318,-0.001952,73.377502,-21,10.4825,nan,nan
1894165,-0.013664,-0.023912,-0.000976,73.167503,-21.07,10.8675,nan,nan
1894175,-0.014884,-0.022204,-0.001952,72.904999,-21.0875,11.27,nan,nan
1894185,-0.014884,-0.025132,-0.001952,72.589996,-21.157499,11.6025,nan,nan
1894195,-0.012932,-0.024888,-0.00122,72.292503,-21.122499,12.04,nan,nan
1894205,-0.01464,-0.024644,0,71.855003,-21.122499,12.3725,nan,nan
1894215,-0.013908,-0.025132,-0.000244,71.557503,-21.0875,12.81,nan,nan
1894225,-0.012688,-0.0244,-0.001952,71.137497,-21.07,13.2475,nan,nan
1894235,-0.013908,-0.023912,0.000244,70.875,-20.965,13.685,nan,nan
1894245,-0.012932,-0.024156,-0.000732,70.542503,-20.895,14.3675,nan,nan
1894255,-0.012688,-0.022448,0.001708,70.105003,-20.737499,14.805,nan,nan
1894265,-0.014884,-0.022692,0,70.017502,-20.702499,15.3125,nan,nan
1894275,-0.01342,-0.024156,0.000976,69.860001,-20.58,15.75,nan,nan
1894285,-0.01464,-0.023424,-0.000244,69.5625,-20.405001,16.2575,nan,nan
1894295,-0.012688,-0.023912,-0.000488,69.544998,-20.422501,16.66,nan,nan
1894305,-0.01342,-0.023668,-0.001464,69.247498,-20.247499,17.1325,nan,nan
1894315,-0.011712,-0.023912,-0.001464,69.055,-20.09,17.622499,nan,nan
1894325,-0.012688,-0.022204,-0.002196,68.775002,-19.915001,18.0425,nan,nan
1894335,-0.013176,-0.024644,-0.001952,68.529999,-19.7575,18.48,nan,nan
1894345,-0.013664,-0.024156,-0.000488,68.267502,-19.67,18.865,nan,nan
1894355,-0.013908,-0.023668,-0.000244,67.8125,-19.355,19.512501,nan,nan
1894365,-0.011224,-0.023912,-0.001464,67.550003,-19.1625,19.879999,nan,nan
1894375,-0.012444,-0.024156,-0.001464,67.252502,-18.987499,20.247499,nan,nan
1894383,-0.012932,-0.026352,-0.001464,66.919998,-18.795,20.5625,nan,nan
1894393,-0.011712,-0.027084,-0.001708,66.57,-18.690001,20.9125,nan,nan
1894403,-0.011224,-0.023424,0.000488,66.1325,-18.584999,21.297501,nan,nan
1894413,-0.012932,-0.026596,-0.000244,65.764999,-18.497499,21.682501,nan,nan
1894423,-0.013176,-0.025132,0.000732,65.537498,-18.375,21.997499,nan,nan
1894433,-0.01098,-0.025376,0,65.309998,-18.252501,22.3825,nan,nan
1894443,-0.010736,-0.024888,0.000732,65.082497,-18.147499,22.6625,nan,nan
1894453,-0.012688,-0.026108,-0.000244,64.82,-17.9725,23.0825,nan,nan
1894463,-0.013176,-0.026352,0.001708,64.487503,-17.8325,23.450001,nan,nan
1894473,-0.01098,-0.026108,-0.000488,64.294998,-17.692499,23.782499,nan,nan
1894483,-0.013664,-0.028548,0.001952,63.945,-17.5525,24.15,nan,nan
1894493,-0.011956,-0.02684,0.000976,63.682499,-17.360001,24.727501,nan,nan
1894503,-0.0122,-0.025376,0.000244,63.5075,-17.184999,25.112499,nan,nan
1894513,-0.011468,-0.027084,0.000488,63.349998,-17.0625,25.514999,nan,nan
1894523,-0.011468,-0.024888,0.000488,63.174999,-16.870001,25.865,nan,nan
1894533,-0.013664,-0.02562,0.001708,63.07,-16.6775,26.285,nan,nan
1894543,-0.013176,-0.027328,0.002928,62.877499,-16.5375,26.705,nan,nan
1894553,-0.012688,-0.02928,0.00122,62.580002,-16.327499,27.0375,nan,nan
1894563,-0.01098,-0.028548,0.002684,62.369999,-16.2225,27.405001,nan,nan
1894573,-0.011956,-0.02806,0.00244,62.177502,-15.96,27.719999,nan,nan
1894583,-0.0122,-0.028548,0.001464,61.845001,-15.715,28.0875,nan,nan
1894593,-0.011956,-0.02684,0.000732,61.512501,-15.3825,28.700001,nan,nan
1894603,-0.014152,-0.029524,0.000732,61.337502,-15.1375,28.98,nan,nan
1894613,-0.012444,-0.030012,0,61.092499,-14.9275,29.365,nan,nan
1894623,-0.011956,-0.02806,0.000244,60.8475,-14.6125,29.7675,nan,nan
1894633,-0.0122,-0.02806,0.001952,60.619999,-14.35,30.030001,nan,nan
1894643,-0.011956,-0.029036,0.001952,60.322498,-14.0875,30.415001,nan,nan
1894653,-0.0122,-0.030988,0.000976,60.130001,-13.825,30.764999,nan,nan
1894663,-0.011712,-0.032696,0.000976,59.955002,-13.5975,31.045,nan,nan
1894673,-0.011468,-0.031476,0.000488,59.762501,-13.37,31.465,nan,nan
1894683,-0.011224,-0.033916,0.000732,59.482498,-13.125,31.815001,nan,nan
1894693,-0.0122,-0.031232,0.000732,59.044998,-12.8275,32.322498,nan,nan
1894703,-0.013908,-0.03172,0.000488,58.677502,-12.5125,32.689999,nan,nan
1894713,-0.0122,-0.031232,0,58.502499,-12.3375,33.040001,nan,nan
1894723,-0.0122,-0.034892,-0.000488,58.169998,-12.11,33.372501,nan,nan
1894733,-0.011712,-0.033916,0.000488,57.872501,-11.83,33.775002,nan,nan
1894743,-0.013664,-0.033428,0.000488,57.697498,-11.6725,34.09,nan,nan
1894753,-0.0122,-0.035868,0.000732,57.3125,-11.3925,34.404999,nan,nan
1894763,-0.012932,-0.0366,0.00122,57.172501,-11.235,34.737499,nan,nan
1894773,-0.014396,-0.037088,0.000976,56.752499,-11.095,35.174999,nan,nan
1894783,-0.0122,-0.037332,0.000976,56.349998,-10.7975,35.5425,nan,nan
1894793,-0.011224,-0.036844,-0.000732,55.947498,-10.6225,35.91,nan,nan
1894803,-0.012932,-0.037332,0.000244,55.5275,-10.2725,36.522499,nan,nan
1894813,-0.01464,-0.037332,0.000488,55.282501,-10.045,36.942501,nan,nan
1894823,-0.013176,-0.037332,0.001464,54.985001,-9.765,37.345001,nan,nan
1894833,-0.0122,-0.038064,0.000732,54.547501,-9.59,37.747501,nan,nan
1894843,-0.012932,-0.038064,0.000244,54.302502,-9.3975,38.185001,nan,nan
1894853,-0.014884,-0.040504,0.000976,54.022499,-9.1175,38.587502,nan,nan
1894863,-0.014396,-0.038552,0.000732,53.602501,-8.89,38.990002,nan,nan
1894873,-0.0122,-0.03904,0.000976,53.392502,-8.68,39.445,nan,nan
1894883,-0.01464,-0.03904,0.00244,53.130001,-8.4175,39.830002,nan,nan
1894893,-0.016592,-0.038064,0.000976,52.9025,-8.2075,40.32,nan,nan
1894903,-0.014884,-0.041236,0.00244,52.657501,-7.8225,40.915001,nan,nan
1894913,-0.01586,-0.04148,-0.000244,52.342499,-7.525,41.264999,nan,nan
1894923,-0.016592,-0.039772,0.000732,52.220001,-7.35,41.720001,nan,nan
1894933,-0.016836,-0.042456,0.002196,51.9575,-7.14,42.105,nan,nan
1894943,-0.016348,-0.045384,0.000732,51.712502,-6.86,42.5425,nan,nan
1894953,-0.015616,-0.044164,0.00122,51.310001,-6.51,42.892502,nan,nan
1894963,-0.016836,-0.044652,0.00244,51.0825,-6.335,43.3475,nan,nan
1894973,-0.01586,-0.04514,0.00244,50.627499,-6.02,43.732498,nan,nan
1894983,-0.01708,-0.044652,0.001952,50.3125,-5.705,44.1875,nan,nan
1894993,-0.01708,-0.046604,-0.000244,49.997501,-5.4775,44.555,nan,nan
